smiles,label
CN(c1ccc(Cl)cc1)c1cc[n+](Cc2ccc(-c3ccc(C[n+]4ccc(N(C)c5ccc(Cl)cc5)c5ccccc54)cc3)cc2)c2ccccc12.[Br-].[Br-],0
CCC(C)(C)C(=O)O[C@H]1C[C@@H](C)C=C2C=C[C@H](C)[C@H](CC[C@@H](O)C[C@@H](O)CC(=O)[O-])[C@H]21.CCC(C)(C)C(=O)O[C@H]1C[C@@H](C)C=C2C=C[C@H](C)[C@H](CC[C@@H](O)C[C@@H](O)CC(=O)[O-])[C@H]21.[Ca+2],0
CCCCCCCCC=CCCCCCCCC(=O)OCC1COP(=O)(O)C1,0
CNc1nc(NC2CCN(Cc3ccc4c(cc(C#N)n4C[C@H](C)N4CCN(S(C)(=O)=O)CC4)c3C)CC2)c2cc(CC(F)(F)F)sc2n1,0
CNC(C)Cc1ccc2c(c1)OCO2.Cl,0
C[C@]12CC[C@H](OS(=O)(=O)O)CC1=CC[C@@H]1[C@@H]2CC[C@]2(C)C(=O)CC[C@@H]12,0
COC(=O)N[C@H](C(=O)NCCCC[C@@H](CO)N(CC(C)C)S(=O)(=O)c1ccc(N)cc1)C(c1ccccc1)c1ccccc1,0
Clc1ccc2c(N3CCN(CCCN4CCN(c5ccnc6cc(Cl)ccc56)CC4)CC3)ccnc2c1.O=P(O)(O)O.O=P(O)(O)O.O=P(O)(O)O.O=P(O)(O)O,0
CN1CCN(c2cc3c(cc2F)c(=O)c(C(=O)O)cn3-c2ccc(F)cc2)CC1.Cl,0
CC(C)[C@H](N)C(=O)SCC/C=C/[C@@H]1CC(=O)NCc2nc(cs2)C(=O)NC(C)(C)C(=O)N[C@@H](C(C)C)C(=O)O1.O=S(=O)(O)c1ccccc1,0
CCCC(=O)O[C@H]1[C@H](O[C@@H]2[C@@H](CC=O)C[C@@H](C)C(=O)/C=C/[C@]3(C)O[C@H]3[C@H](C)[C@@H](CC)OC(=O)C[C@@H](O)[C@@H]2C)O[C@H](C)C[C@@H]1N(C)C,0
CC1(C)S[C@@H]2[C@H](NC(=O)CSc3ccccc3)C(=O)N2[C@H]1C(=O)[O-].[K+],0
CCOC(=O)Nc1ccc(SCC2COC(Cn3ccnc3)(c3ccc(Cl)cc3Cl)O2)cc1.Cl,0
CC1(C)C(C(=O)OC(C#N)c2cccc(Oc3ccccc3)c2)C12C=Cc1ccccc12,0
C(=N/NC1=NCCN1)\c1c2ccccc2c(/C=N/NC2=NCCN2)c2ccccc12.Cl.Cl,0
NS(=O)(=O)c1cc2c(cc1Cl)NC(Cc1ccccc1)NS2(=O)=O,0
CN1C(C(=O)Nc2ccccn2)=C(O)c2ccccc2S1(=O)=O.NCCO,0
CC1(C)S[C@@H]2[C@H](NC(=O)COc3ccccc3)C(=O)N2[C@H]1C(=O)O.CC1(C)S[C@@H]2[C@H](NC(=O)COc3ccccc3)C(=O)N2[C@H]1C(=O)[O-].[K+].c1ccc(CNCCNCc2ccccc2)cc1,0
CC(=O)OCC1=C(C(=O)O)N2C(=O)[C@@H](NC(=O)CSc3ccncc3)[C@H]2SC1.CC(=O)OCC1=C(C(=O)O)N2C(=O)[C@@H](NC(=O)CSc3ccncc3)[C@H]2SC1.c1ccc(CNCCNCc2ccccc2)cc1,0
CC(C)c1ccccc1OCC1=NCCN1.Cl,0
CO[C@]1(CN2CCN3CCCC[C@@H]3C2)/C=C/C[C@H](C)[C@@H](C)S(=O)(=O)NC(=O)c2ccc3c(c2)N(C[C@@H]2CC[C@H]21)C[C@@]1(CCCc2cc(Cl)ccc21)CO3,0
CCCCCCSc1nsnc1C1=CCCN(C)C1.O=C(O)CC(O)(CC(=O)O)C(=O)O,0
CS(=O)(=O)O.CS(=O)(=O)O.Nc1ncccc1-c1nc2ccc(-c3ccccc3)nc2n1-c1ccc(C2(N)CCC2)cc1,0
CC(C)(C(=O)c1cccnc1)c1cccnc1.O=C(O)C(O)C(O)C(=O)O.O=C(O)C(O)C(O)C(=O)O,0
COc1ccc2c(c1)[C@@H]1C[C@]1(C(=O)N1[C@@H]3CC[C@H]1CN(C)C3)Cn1c-2c(C2CCCCC2)c2ccc(C(=O)NS(=O)(=O)N(C)C)cc21.Cl,0
c1ccc(-c2nn(-c3ccccc3)[n+](-c3ccc(-c4ccc(-[n+]5nc(-c6ccccc6)nn5-c5ccccc5)cc4)cc3)n2)cc1,0
COc1ccc2c(c1)c(CCN)c(C)n2Cc1ccccc1,0
C#CCO[C@H]1CN2CCC1CC2.O=C(O)/C=C/C(=O)O,0
C=CCSCC(=O)N[C@@H]1C(=O)N2[C@@H]1SC(C)(C)[C@@H]2C(=O)[O-].[K+],0
CN(C)Cc1c(C(=O)NCCOc2ccc(C(=O)NO)cc2)oc2ccccc12.Cl,0
CCC(CC)COC(=O)[C@@H]1C[C@H]2C[C@@H](Oc3cccc(Cl)c3-c3nnn[nH]3)CC[C@H]2CN1.Cc1ccc(S(=O)(=O)O)cc1,0
CCC(c1ccccc1)c1noc(CCN(CC)CC)n1.O=C(O)CC(O)(CC(=O)O)C(=O)O,0
O=C(/C=C/c1ccc(O)c(O)c1/C=C/c1ccc(O)c(O)c1)O[C@H](Cc1ccc(O)c(O)c1)C(=O)O,0
O=C([O-])c1cccnc1.O=C([O-])c1cccnc1.O=C([O-])c1cccnc1.[Al+3],0
Nc1ncnc2c([C@@H]3N[C@H](COP(=O)(O)O)[C@@H](O)[C@H]3O)c[nH]c12,0
O[B-]1(O)OO[B-](O)(O)OO1,0
C[C@H]1C[C@H](C(=O)O)CC[C@H]1C(=O)N1CC[C@@]2(S(=O)(=O)c3ccc(F)cc3)c3ccc(C(F)(C(F)(F)F)C(F)(F)F)cc3CC[C@@H]12,0
CC[C@@H](C)C(=O)O[C@H]1[C@H](O)[C@H]2[C@@H](CN3C[C@@H](C)CC[C@H]3[C@@]2(C)O)[C@@H]2C[C@]34O[C@]5(O)[C@@H](OC(=O)[C@@](C)(O)CC)CC[C@@]3(C)[C@@H]5[C@@H](OC(C)=O)[C@@H](OC(C)=O)[C@H]4[C@@]21O,0
N[C@@]1(C(=O)O)CS(=O)(=O)[C@H]2[C@H](C(=O)O)[C@H]21,0
CN1C[C@H](CC#N)C[C@@H]2c3cccc4[nH]c(Cl)c(c34)C[C@H]21.CS(=O)(=O)O,0
CS(=O)(=O)O.C[C@@H]([C@@H](O)c1ccc(O)cc1)N1CCC(O)(c2ccccc2)CC1.O.O.O,0
CN1CCN(Cc2ccc(Nc3ncc(Cl)c(Nc4ccccc4S(=O)(=O)N(C)C)n3)cc2)CC1.O=C(O)C(O)C(O)C(=O)O.O=C(O)C(O)C(O)C(=O)O,0
CCN1C[C@]2(COC)[C@H](O)C[C@H](OC)[C@@]34[C@@H]5C[C@@]6(O)[C@H](OC(=O)c7ccccc7)[C@@H]5[C@@](OC(C)=O)([C@@H]([C@H](OC)[C@H]23)[C@@H]14)[C@@H](O)[C@@H]6OC,0
CSCC[C@H](NC(=O)[C@@H](N)Cc1c[nH]c2ccccc12)C(=O)N[C@@H](CC(=O)O)C(=O)N[C@@H](Cc1ccccc1)C(N)=O,0
Cl.c1ccc(C2CN3CCSC3=N2)cc1,0
N.Nc1nc(N)c2nc(CNc3ccc(C(=O)N[C@@H](CCCNC(=O)c4ccccc4C(=O)O)C(=O)O)cc3)cnc2n1,0
CC1(C)S[C@@H]2[C@H](NC(=O)[C@H](NC(=O)c3cnc4cccnc4c3O)c3ccccc3)C(=O)N2[C@H]1C(=O)[O-].[Na+],0
CC(=O)O.N=C(N)NCCC[C@H](N)C(=O)NCCCN1CCN(CCCNC(=O)[C@@H](N)CCCNC(=N)N)CC1,0
CCCC[C@]1(CC)CS(=O)(=O)c2ccc(N(C)C)cc2[C@@H](c2cccc(NC(=O)N[C@@H]3O[C@H](COS(=O)(=O)[O-])[C@@H](O)[C@H](OCc4ccccc4)[C@H]3O)c2)[C@H]1O.[K+],0
CC#C[C@@H](CC(=O)O)c1ccc(OCc2ccc(CN3CCC4(C=Cc5ccccc54)CC3)cc2)cc1,0
CCCS(=O)(=O)N1CCN(Cc2ccc(NC(=O)c3ccc(-c4cc(NC(=O)C5CC5)ccc4OC(F)(F)F)cc3)cc2)CC1,0
CC(Oc1ccccc1)C(=O)N[C@@H]1C(=O)N2[C@@H]1SC(C)(C)[C@@H]2C(=O)[O-].[K+],0
CN1C(=O)N(C)C2C1N(C)C(=O)N2C,0
Cc1n[nH]c(C)c1-c1cnn(C2(CC#N)CN(c3cc(F)c(C(=O)N[C@@H](C)C(F)(F)F)cc3F)C2)c1.O=P(O)(O)O,0
Cn1nnnc1SCC1=C(C(=O)[O-])N2C(=O)[C@@H](NC(=O)CSC(F)(F)F)[C@H]2SC1.[Na+],0
CNCC12CCC(c3ccccc31)c1ccccc12.Cl,0
O=C(O)CC(O)(CC(=O)O)C(=O)O.O=C1[C@@H]2[C@H]3CC[C@H](C3)[C@@H]2C(=O)N1CCCCN1CCN(c2ncccn2)CC1,0
CC(=O)O.NCC(=O)Nc1cncc(-c2nn3c(=O)cc(N4CCNCC4)nc3s2)c1,0
O.O.O=C1[N-]S(=O)(=O)c2ccccc21.[Na+],0
O=C(O)C(O)C(O)C(=O)O.O=C(c1ccc(F)cc1)C1CCN(CCn2c(=S)[nH]c3ccccc3c2=O)CC1,0
Cn1nc(CO)nc1NCCCOc1cccc(CN2CCCCC2)c1.Cn1nc(CO)nc1NCCCOc1cccc(CN2CCCCC2)c1.O=C(O)CCC(=O)O,0
CCCCC[C@@H](O)[C@H]1C(=O)O[C@H](C)[C@@H](O)/C=C/C=C/C=C/C=C/C=C(\C)[C@@H](O)[C@H](O)[C@H](O)C[C@H](O)C[C@H](O)C[C@H](O)C[C@H](O)C[C@@H]1O,0
CCc1nncn1C1CCCCC1,0
CNCc1ccc(-c2[nH]c3cc(F)cc4c3c2CCNC4=O)cc1.O=P(O)(O)O,0
CCn1cc(C(=O)O)c(=O)c2cc(F)c(N3CCN(C)CC3)cc21.CS(=O)(=O)O,0
N#Cc1c(N)nc(N)nc1N[C@H](c1nc2c(F)ccc(Cl)c2c(=O)n1-c1cccnc1)C1CC1,0
COC[C@H]1CN(C(=O)[C@]2(F)CN(C3CCCC3)C[C@H]2c2ccc(OC)cc2)C[C@@H]1c1ccc(C(F)(F)F)cc1N1CCC(C(=O)O)CC1.O=P(O)(O)O,0
CO[C@@H]1[C@@H](OC(=O)c2ccc(C)[nH]2)[C@@H](O)[C@@H](Oc2ccc3c([O-])c(NC(=O)c4c[nH]c(C(=O)Nc5c(O)c6ccc(O[C@H]7OC(C)(C)[C@H](OC)[C@@H](OC(=O)c8ccc(C)[nH]8)[C@H]7O)c(C)c6oc5=O)c4C)c(=O)oc3c2C)OC1(C)C.[Na+],0
CN1N=C2CCN(C(=O)[C@@H](COCc3ccccc3)NC(=O)C(C)(C)N)C[C@@]2(Cc2ccccc2)C1=O.O=C(O)[C@H](O)[C@@H](O)C(=O)O,0
CN1CCN(c2ccccc2/C=C2\SCCN(c3ccc(Cl)c(Cl)c3)C2=O)CC1.O=C(O)CC(O)(CC(=O)O)C(=O)O,0
CCCCC[C@H](O)/C=C/[C@H]1[C@H](O)C[C@]2(C)C/C(=C\CCCC(=O)[O-])C[C@H]12.CCCCC[C@H](O)/C=C/[C@H]1[C@H](O)C[C@]2(C)C/C(=C\CCCC(=O)[O-])C[C@H]12.[Ca+2],0
C#Cc1cncc([C@@H]2CCCN2C)c1.O=C(O)/C=C/C(=O)O,0
CC1(C)[C@H](C(=O)O)N2C(=O)C[C@H]2S1(=O)=O.CC1(C)[C@H](C(=O)O)N2C(=O)C[C@H]2S1(=O)=O.c1ccc(CNCCNCc2ccccc2)cc1,0
CN[C@H](Cc1ccccc1)C(=O)N1CCC[C@H]1C(=O)N[C@H](C=O)CCCNC(=N)N.O=S(=O)(O)O,0
CN1C(=O)c2c(nn(Cc3ccc(-c4cccc(F)n4)cc3)c2Nc2ccccc2)N2C1=N[C@@H]1CCC[C@@H]12.O=P(O)(O)O,0
CCc1c(N2CCN(C(=O)c3ncnc(C)c3O)CC2)c(=O)n2nc(C3=CCOCC3)nc2n1CC(=O)Nc1ccc(C(F)(F)F)cc1Cl,0
COc1ccc2c(c1)CN(C(=O)C(=O)[O-])CCS2.[Na+],0
CNC[C@@H]1OCCc2ccsc21.Cl,0
CC(CC1c2ccccc2CCc2ccccc21)CN(C)C.Cl,0
CCNC1(C(N)=O)CCN(c2ncnc3c2nc(-c2ccccc2Cl)n3-c2ccc(Cl)cc2)CC1.Cl,0
COc1nc(-c2cccc(-c3cccc(-c4cnc(CNC[C@@H]5CCC(=O)N5)c(OC)n4)c3Cl)c2Cl)cnc1CNC[C@@H]1CCC(=O)N1,0
Cc1ccc(C(C)C)c(OCC2=NCCN2)c1,0
CNC[C@H](O)[C@@H](O)[C@H](O)[C@H](O)CO.Cc1c(CC(C)C)sc2nc(C(=O)O)[nH]c(=O)c12,0
Nc1nc(=S)c2ncn([C@@H]3O[C@H](COP(=O)(O)O)[C@@H](O)[C@H]3O)c2[nH]1,0
CC1(C)CCC2(CC1)N[C@@H](C(=O)N[C@@H]1CC[C@@H](C(N)=O)OC1)[C@H](c1ccnc(Cl)c1F)[C@]21C(=O)Nc2cc(Cl)ccc21.Cc1ccc(S(=O)(=O)O)cc1,0
CC(C)COC(=O)[C@H](Cc1ccccc1)NP(=O)(COCCn1cnc2c(NC3CC3)nc(N)nc21)N[C@@H](Cc1ccccc1)C(=O)OCC(C)C,0
Cl.O.O.O=C(CN1CCC(CN2Cc3ccccc3C2=O)CC1)c1ccc(F)cc1,0
Cn1c(-c2ccccn2)c(C2CCCC2)c2ccc(C(=O)NC3(C(=O)Nc4ccc(/C=C/C(=O)O)cc4)CCC3)cc21,0
CC[C@H](Oc1ccccc1)C(=O)N[C@@H]1C(=O)N2[C@@H]1SC(C)(C)[C@@H]2C(=O)[O-].[K+],0
C=CC1=C(C)/C(=C/c2[nH]c(Cc3[nH]c(/C=C4\NC(=O)C(C)=C4C=C)c(C)c3CCC(=O)O)c(CCC(=O)O)c2C)NC1=O,0
CC[C@H](C)[C@@H]([C@@H](CC(=O)N1CCC[C@H]1[C@H](OC)[C@@H](C)C(=O)N[C@@H](Cc1ccccc1)C(=O)O)OC)N(C)C(=O)[C@@H](NC(=O)[C@H](C(C)C)N(C)C(=O)CCCCCN1C(=O)C=CC1=O)C(C)C,0
Cc1cc(C(C)(C)C)cc(C)c1CC1=NCCN1.Cl,0
CCCCC[C@@H](CC[C@@H]1[C@H]2Cc3cccc(OCC(=O)O)c3C[C@H]2C[C@H]1OP(=O)(O)O)OP(=O)(O)O,0
CCCC1(c2cccc(O)c2)CCN(C)CC1C.Cl,0
Cl.Cn1cc(NC(=O)c2cc(NC(=O)c3cc(NC=O)cn3C)cn2C)cc1C(=O)NCCC(=N)N,0
C[C@]12CC[C@H]3[C@@H](CC=C4C[C@@H](O)CC[C@@]43C)[C@@H]1CC[C@@H]2O,0
CC(O)C(=O)O.CCOc1ccc2nc3cc(N)ccc3c(N)c2c1.O,0
CNC[C@H](O)[C@@H](O)[C@H](O)[C@H](O)CO.Cc1c(Nc2ncccc2C(=O)O)cccc1C(F)(F)F,0
COc1cc2c(cc1OC)[C@@H](c1ccccc1)CN(C)CC2.O=C(O)/C=C\C(=O)O,0
CC[C@H]1OC(=O)C[C@@H](O)[C@H](C)[C@@H](O[C@@H]2O[C@H](C)[C@@H](O)[C@H](N(C)C)[C@H]2O)[C@@H](CCN2C[C@H](C)C[C@H](C)C2)C[C@@H](C)C(=O)/C=C/C(C)=C/[C@@H]1CO[C@@H]1O[C@H](C)[C@@H](O)[C@@H](OC)[C@H]1OC.O=P(O)(O)O,0
CNn1cc(C(=O)O)c(=O)c2cc(F)c(N3CCN(C)CC3)cc21.CS(=O)(=O)O,0
CS(=O)(=O)O.O=c1[nH]c2cccc(N3CCN(Cc4cccc(-c5ccccc5)c4)CC3)c2o1,0
CC[C@]1(O)C[C@@H]2CN(CCc3c([nH]c4ccccc34)[C@@](C(=O)OC)(c3cc4c(cc3OC)N(C)[C@H]3[C@]5(OC(=O)N(CCCl)C5=O)[C@H](OC(C)=O)[C@]5(CC)C=CCN6CC[C@]43[C@@H]65)C2)C1.Cl.O=S(=O)(O)O,0
C#Cc1c(F)ccc2cc(O)cc(-c3ncc4c(N5CC6CCC(C5)N6)nc(OC[C@@]56CCCN5C[C@H](F)C6)nc4c3F)c12,0
N#C[C@@]1(c2ccc3c(N)ncnn23)O[C@H](CO)[C@@H](O)[C@H]1O,0
CC(C)Oc1ccc(-n2cnc3cc(/C=C\c4ccc(C(C)(C)O)cc4)ccc32)cc1,0
COc1cc(OC)c(/C=C/S(=O)(=O)Cc2ccc(OC)c(OP(=O)([O-])[O-])c2)c(OC)c1.[Na+].[Na+],0
C[C@H]1O[C@H](O[C@@H]2[C@@H](O)[C@H](OCCc3ccc(O)c(O)c3)O[C@H](CO[C@H]3O[C@@H](CO)[C@H](O)[C@@H](O)[C@@H]3O)[C@H]2OC(=O)/C=C/c2ccc(O)c(O)c2)[C@@H](O)[C@@H](O)[C@@H]1O,0
NC(=O)c1cccc([C@H]2C[C@H]3CC[C@@H](C2)N3CCN(CC2CCCCC2)C(=O)[C@@H](O)CO)c1.O=S(=O)(O)O,0
CC[C@H]1OC(=O)C[C@@H](OC(C)=O)[C@H](C)[C@@H](O[C@@H]2O[C@H](C)[C@@H](O[C@H]3C[C@@](C)(O)[C@@H](OC(=O)CC(C)C)[C@H](C)O3)[C@H](N(C)C)[C@H]2O)[C@@H](CC=O)C[C@@H](C)C(=O)/C=C/C(C)=C/[C@@H]1CO[C@@H]1O[C@H](C)[C@@H](O)[C@@H](OC)[C@H]1OC.O=C(O)C(O)C(O)C(=O)O,0
CC[C@H](O)[C@@H](C)[C@H]1O[C@@H]1C[C@@](C)(O)/C=C/C=C(\C)[C@H]1OC(=O)C[C@H](O)CC[C@@](C)(O)[C@@H](OC(=O)N2CCN(C3CCCCCC3)CC2)/C=C/[C@@H]1C,0
COc1cc(C(=O)c2cnc(-c3c[nH]c4ccccc34)[nH]2)cc(OC)c1OC.Cl,0
CC(=O)N[C@H]1CSSC[C@@H](C(N)=O)NC(=O)[C@H](C(C)C)NC(=O)[C@H](C)NC(=O)[C@H](Cc2c[nH]cn2)NC1=O,0
COc1cc(C(=O)C(=O)N(C)[C@@H](Cc2ccc(Cl)cc2)C(=O)N(Cc2ccccc2)C(CCc2ccncc2)CCc2ccncc2)cc(OC)c1OC.CS(=O)(=O)O.CS(=O)(=O)O,0
C[C@H](c1ccc(Cl)cc1Cl)n1nc(C(F)(F)F)c2ncc(N3CC([C@H]4CCCN(CCO)C4)C3)nc21.O=S(=O)(O)c1ccccc1,0
Cl.Clc1ccc(OCC2=NCCN2)cc1Cl,0
O=C([O-])CN1C(=O)c2cccc3cccc(c23)C1=O.[Na+],0
Cc1cc(F)cc(C)c1C(=O)c1sc2cc(O)ccc2c1Oc1ccc(/C=C/C(=O)O)cc1,0
COc1ccc2c(c1)c(CCN)c(C)n2Cc1ccccc1.Cl,0
Cc1nc(NS(=O)(=O)c2ccc(N)cc2)nc(C)c1Br,0
CC(CCC/C=C/CCCN(C)C(=N)N)CC(C)C1OC(=O)C(C)C(O)/C=C/C(C)C(O)C(C)C(O)C(C)C(O)CCCC(O)CC2(O)OC(CC(OC(=O)CC(=O)O)CC(O)CC(O)C(C)C(O)/C=C/C=C/C1C)CC(O)C2O,0
CCOC(=O)Nc1cc2c(c(N)n1)N=C(c1ccccc1)[C@H](C)N2.O=S(=O)(O)CCO,0
CN(CCCN1c2ccccc2CCc2ccccc21)CC(=O)c1ccc(Cl)cc1.Cl,0
CN1CCN(c2cccc3c2CCN(C(=O)/C=C/c2c(-n4cnnn4)ccc(Cl)c2F)[C@@H]3C(=O)Nc2ccc(C(=O)O)cc2)C(=O)C1,0
CO/N=C(\C(=O)N[C@@H]1C(=O)N2C(C(=O)[O-])=C(C[n+]3cccc4c3CCCC4)CS[C@H]12)c1csc(N)n1.O=S(=O)(O)O,0
CNCC/C=C/c1cccnc1.CNCC/C=C/c1cccnc1.O=C(O)[C@@H](O)[C@H](O)[C@H](O)[C@@H](O)C(=O)O,0
CCC(=O)N(c1ccccc1)C1(C(=O)OC)CCN(CCc2ccccc2)CC1C.O=C(O)C(=O)O,0
N=C(N)NCCC[C@H](N)C(=O)O.O=C(O)C1CSC(C(=O)O)N1,0
CCN(CC)CCOC(=O)C1(c2ccc(C)c(C)c2)CCCC1.Cl,0
CC[C@](C)(O)C(=O)O[C@H]1C(=O)O[C@@H]2C[C@H]3C(C)=C[C@H](O)[C@@H](O)[C@]3(C)[C@H]3[C@]4(O)OC[C@]32[C@@H]1[C@@H](C)[C@H]4O,0
C=CC(=O)Nc1cc(N2CCN(CC)CC2)ccc1Nc1cc(N(C)C(=O)Nc2c(Cl)c(OC)cc(OC)c2Cl)ncn1,0
CCCc1c2oc(C(=O)[O-])cc(=O)c2cc2c(=O)cc(C(=O)[O-])n(CC)c12.[Ca+2],0
CC1(C)CCSc2ccc(C#Cc3ccc(C(=O)O)cn3)cc21,0
COc1ccccc1OCC(O)CN1CCN(CC(=O)Nc2c(C)cccc2C)CC1.Cl.Cl,0
CC(C)(C)OC(=O)N[C@H]1CCCCC/C=C\[C@@H]2C[C@@]2(C(=O)[N-]S(=O)(=O)C2CC2)NC(=O)[C@@H]2C[C@@H](OC(=O)N3Cc4cccc(F)c4C3)CN2C1=O.[Na+],0
Cc1ccc(O)cc1.Cc1cccc(O)c1.Cc1ccccc1O,0
C=CCN1CC(=O)N2[C@@H](Cc3ccc(O)cc3F)C(=O)N(Cc3cccc(N4CC(N5CCN(CC)CC5)C4)n3)C[C@@H]2N1C(=O)NCc1ccccc1,0
CO/N=C(\C(=O)N[C@@H]1C(=O)N2C(C(=O)O)=C(CSC(=O)c3ccco3)CS[C@H]12)c1csc(N)n1.Cl,0
CN(C)CC1CCCCC1(O)c1cccc(O)c1,0
COc1ccc2c(=O)c(C)c(-c3ccccc3)oc2c1CN(C)C.Cl,0
CC1(C)S[C@@H]2[C@H](NC(=O)Cc3ccccc3)C(=O)N2[C@H]1C(=O)[O-].CC1(C)S[C@@H]2[C@H](NC(=O)Cc3ccccc3)C(=O)N2[C@H]1C(=O)[O-].[Ca+2],0
Cl.Cl.NC(=O)C1CN(CC(=O)Nc2c(Cl)cccc2Cl)CCN1CCCC(c1ccc(F)cc1)c1ccc(F)cc1.O,0
COc1ccc(Oc2cc(NCCC(F)(F)F)c3ncc(-c4ccc(C(=O)NC5CC5)c(C)c4)n3n2)c(F)c1F,0
CNC(=O)Oc1ccc2c(c1)[C@]1(C)CCN(C)[C@@H]1N2C.CNC(=O)Oc1ccc2c(c1)[C@]1(C)CCN(C)[C@@H]1N2C.O=S(=O)(O)O,0
O=C(O)CCC[C@H]1CC[C@@H]2[C@@H](/C=C/[C@@H](O)COc3cc(F)ccc3F)[C@H](O)C[C@@H]2OC1,0
COc1ccc(Cl)c2c1CCCC2N(C)C.Cl,0
Cc1ccc(C(C)C)cc2c(C)ccc1-2,0
CC(CN1c2ccccc2Sc2cccnc21)N(C)C.Cl,0
CN(C)Cc1ccccc1Sc1ccc(C#N)cc1N,0
Cn1cnc2c1c(=O)[nH]c(=O)n2C.O=C([O-])c1ccccc1O.[Na+],0
CC[C@H]1CN2CC[C@H]1C[C@H]2[C@H](O)c1cccc2ccc(OCCC(C)C)cc12.Cl.Cl,0
CS(=O)(=O)O.Cc1cc(C(=O)Nc2nc3cccc(Cl)c3n2[C@@H]2CCCCN(C(=O)/C=C/CN(C)C)C2)ccn1.O.O.O,0
Cl.Cn1c2c(c3ccccc31)CCN1C[C@@H]3CCCC[C@H]3C[C@@H]21,0
CCCNCC(O)COc1ccc2c(=O)cc(-c3ccccc3)oc2c1.O=C(O)/C=C\C(=O)O,0
Cl.N[C@@]1(c2ccccc2Cl)CCC[C@@H](O)C1=O,0
Cc1c(OCC2=NCCN2)ccc(Cl)c1NS(C)(=O)=O.Cl,0
CC[C@H]1NC(=O)[C@@H](NC(=O)c2ncccc2O)[C@@H](C)OC(=O)[C@H](c2ccccc2)NC(=O)[C@@H]2CC(=O)CCN2C(=O)[C@H](Cc2ccccc2)N(C)C(=O)[C@@H]2CCCN2C1=O,0
CO[C@@H]1O[C@H](CO)[C@H](OS(=O)(=O)O)[C@H](O[C@@H]2O[C@@H](C(=O)O)[C@@H](OC)[C@H](O)[C@H]2O)[C@H]1NC(C)=O,0
CC(C)(O)c1cn(-c2ccc(-c3cccc(S(C)(=O)=O)c3)cc2)c(C(C)(C)c2ccccc2Cl)n1,0
N=C(N)NCC1COc2ccccc2O1.N=C(N)NCC1COc2ccccc2O1.O=S(=O)(O)O,0
CCCCC(C)(O)C/C=C/[C@H]1[C@H](O)CC(=O)[C@@H]1CCCCCCC(=O)O,0
CN1CCC2(CC1)NCC(=O)N2Cc1ccccc1.Cl.Cl.O,0
CC(=O)c1c([O-])cc(C)oc1=O.[Na+],0
CCc1nc(N)nc(N)c1-c1ccc(Cl)c(Cl)c1,0
C=C[C@@H]1C[C@]1(NC(=O)[C@@H]1C[C@@H](Oc2cc(-c3csc(NC(=O)C(C)C)n3)nc3c(Br)c(OC)ccc23)CN1C(=O)[C@@H](NC(=O)OC1CCCC1)C(C)(C)C)C(=O)[O-].[Na+],0
CC[C@H](C)[C@@H]([C@@H](CC(=O)N1CCC[C@H]1[C@H](OC)[C@@H](C)C(=O)N[C@@H](Cc1ccccc1)C(=O)O)OC)N(C)C(=O)[C@@H](NC(=O)[C@H](C(C)C)N(C)CCOCCOCCOCCON)C(C)C,0
N#Cc1c(-c2cc(NC(=O)c3cc(F)cc(C(F)(F)F)c3)c3c(c2)C(=O)N[C@H]3c2cc(F)ccc2Cl)ccc2ncnn12,0
Cc1ccc([C@@H]2C[C@H](CN[C@H](C)c3cccc4ccccc34)Oc3ccccc32)cc1C(=O)O,0
Cc1nc(N)nc(N)c1-c1ccc(Cl)c(Cl)c1,0
CO[C@@H](C)[C@H]1C[C@H](C)[C@H]([C@@H](C)/C=C/[C@@H]2CC[C@@H](C)[C@H](/C(=C/[C@H]3CCC[C@@H](C)[C@@H]3[C@H](C)C(=O)C3=C([O-])COC3=O)CO)O2)O1.[Na+],0
C[C@@H](O)[C@H]1C(=O)N2C(C(=O)O)=C(SC3CN(C4=NCCS4)C3)[C@H](C)[C@H]12,0
O=C1C2=C(CCN(Cc3ccccc3)C2)N2CCN=C2N1Cc1ccc(F)cc1F,0
Nc1nc(N)nc(-c2cc(Cl)ccc2Cl)n1.O=C(O)/C=C\C(=O)O,0
Cl.Cl.Nc1ccc2cc3ccc(N)cc3nc2c1,0
CC1=C[C@H]2C(=O)O[C@H]3C[C@@H](C/C=C(\C)[C@H](OCCc4ccc(N(C)S(C)(=O)=O)cc4)[C@@H](C)/C=C/C=C4\CO[C@H]([C@@H]1O)[C@@]42O)O[C@@]1(CC[C@H](C)[C@@H](C)O1)C3,0
CO[C@H]1/C=C/C[C@H](C)[C@@H](C)S(=O)(=O)NC(=O)c2ccc3c(c2)N(C[C@@H]2CC[C@H]21)C[C@@]1(CCCc2cc(Cl)ccc21)CO3,0
Cl.Cn1ncc(Cl)c1-c1cc(C(=O)N[C@H](CN)Cc2cccc(F)c2)sc1Cl,0
CCn1cc(C(=O)[O-])c(=O)c2ccc(C)nc21.[Na+],0
CCCCCC(=O)OCN1C(=O)CCc2ccc(OCCCCN3CCN(c4cccc(Cl)c4Cl)CC3)cc21,0
COCCNCCc1cccc(Nc2ncc3c(n2)-c2ccccc2[C@H](c2ccccc2F)C3)c1.Cl.Cl,0
COc1ccc2cc3[n+](cc2c1OC)CCc1cc2c(cc1-3)OCO2.[Cl-],0
CCOC(=O)c1c(C)cc2nc(COC(=O)NCCO)n(-c3ccccc3S(=O)(=O)NC)c(=O)c2c1C,0
O=S(=O)(O)c1cc(S(=O)(=O)O)c2nc(-c3ccc(-c4nc5c(S(=O)(=O)O)cc(S(=O)(=O)O)cc5[nH]4)cc3)[nH]c2c1,0
CC1=CC(=O)[C@H]2C[C@@H]1C2(C)C,0
C[C@H](CS)C(=O)N1CCC[C@H]1C(=O)O.NS(=O)(=O)c1cc2c(cc1Cl)NCNS2(=O)=O,0
C[C@H](CCCC(C)(C)O)[C@H]1CC[C@H]2[C@@H]3CC=C4C[C@@H](OS(=O)(=O)[O-])CC[C@]4(C)[C@H]3CC[C@]12C.[Na+],0
Nc1ncc(-c2ccc([C@@]34C[C@@H]3CN(C3CCOCC3)C4)cc2)cc1C(=O)NC12CCC(O)(CC1)CC2.O.O.O=C(O)/C=C/C(=O)O,0
CC(=O)[C@H]1CC[C@H]2[C@@H]3CC=C4C[C@@H](O)CC[C@]4(C)[C@H]3CC[C@]12C,0
CCOc1ccc(Cc2cc([C@]34OC[C@]([C@@H](C)O)(O3)[C@@H](O)[C@H](O)[C@H]4O)ccc2Cl)cc1,0
O=C1[N-]S(=O)(=O)c2ccccc21.[Na+],0
Cl.O=C1CC[C@H](N2C(=O)c3cccc(NCc4ccc(CN5CC(N6CCOCC6)C5)cc4F)c3C2=O)C(=O)N1,0
CO/N=C(/C(=O)N[C@@H]1C(=O)N2C(C(=O)[O-])=C([C@@H]3CCCO3)CS[C@H]12)c1csc(N)n1.[Na+],0
CC[C@H]1OC(=O)[C@H](C)[C@H](O[C@H]2C[C@@](C)(OC)[C@@H](O)[C@H](C)O2)[C@H](C)[C@@H](O[C@@H]2O[C@H](C)C[C@H](N(C)C)[C@H]2O)[C@](C)(O)C[C@@H](C)[C@H](N)[C@H](C)[C@@H](O)[C@]1(C)O,0
C[C@H](CSC(=O)c1ccccc1)C(=O)N1C[C@@H](Sc2ccccc2)C[C@H]1C(=O)[O-].C[C@H](CSC(=O)c1ccccc1)C(=O)N1C[C@@H](Sc2ccccc2)C[C@H]1C(=O)[O-].[Ca+2],0
CCCCC(CC)COP(=O)(Oc1ccccc1)Oc1ccccc1,0
[Cl-].[Cl-].c1ccc(-c2nn(-c3ccccc3)[n+](-c3ccc(-c4ccc(-[n+]5nc(-c6ccccc6)nn5-c5ccccc5)cc4)cc3)n2)cc1,0
O=c1c(O)c(-c2ccc(O)cc2)oc2cc(O)cc(O)c12,0
Cl.Cl.N=C(NCCCCCCNC(=N)NC(=N)Nc1ccc(Cl)cc1)NC(=N)Nc1ccc(Cl)cc1,0
O.O.O.O=S(=O)([O-])[O-].[Mg+2].[O-][n+]1ccccc1SSc1cccc[n+]1[O-],0
C[C@@H]1C[C@@]2(C)[C@@H](CC[C@@H]3[C@@H]2CC[C@]2(C)[C@@H](O)CC[C@@H]32)CC1=O,0
CC(=O)O.CS(=O)(=O)N1CCC(c2ccc(-c3ncc4nccnc4c3NC[C@@H]3CNCCO3)cc2)CC1,0
COc1cc2c(cc1OCc1cc(COc3cc4c(cc3OC)C(=O)N3c5ccccc5C[C@H]3[C@H](S(=O)(=O)O)N4)cc(NC(=O)[C@H](C)NC(=O)[C@H](C)NC(=O)CCCCC(=O)NCCN3C(=O)C=CC3=O)c1)NC[C@@H]1Cc3ccccc3N1C2=O,0
O=C([O-])C1=C(C[n+]2ccc(CCS(=O)(=O)[O-])cc2)CS[C@@H]2[C@H](NC(=O)[C@H](NC(=O)c3nc[nH]c3C(=O)O)c3ccccc3)C(=O)N12.[Na+],0
O=C(NCc1ccc(OC(F)(F)F)c(F)c1)[C@H]1CN(c2nc3nc(C4CC4)ncc3s2)CCN1S(=O)(=O)c1ccc(C(F)(F)F)cc1,0
CC1(C)[C@H](C(=O)O[C@H](C#N)c2cccc(Oc3ccccc3)c2)[C@@H]1C=C(Br)Br,0
COc1cc2cc(c1Cl)N(C)C(=O)C[C@H](OC(=O)[C@H](C)N(C)C(=O)CCS)[C@]1(C)O[C@H]1[C@H](C)[C@@H]1C[C@@](O)(NC(=O)O1)[C@H](OC)/C=C/C=C(\C)C2,0
C=CCc1ccc2c(c1)OCO2,0
CS[C@@]1(C(=O)Nc2ccc3[nH]nc(-c4ccc(OC(C)C)nc4)c3c2)CCN(CC(=O)N2CC=C(c3ccc(-c4ncn(C)n4)cc3)CC2)C1,0
COc1ccc2nc3c(nc2c1)O[C@@H]1C[C@H]2C(=O)N[C@]4(C(=O)NS(=O)(=O)C5(C)CC5)C[C@H]4/C=C/CCCCC[C@H](NC(=O)O[C@@H]4CCC[C@H]4CCCCC3)C(=O)N2C1,0
C[C@@H](Nc1nc(N[C@H](C)C(F)(F)F)nc(-c2cccc(Cl)n2)n1)C(F)(F)F.C[C@@H](Nc1nc(N[C@H](C)C(F)(F)F)nc(-c2cccc(Cl)n2)n1)C(F)(F)F.O.O=C(O)CC(O)(CC(=O)O)C(=O)O,0
CC(CCc1ccc2c(c1)OCO2)NN,0
CCOc1ncc(S(=O)(=O)N2CCN(CC)CC2)cc1-c1nc2c(CC)n(CCOC)nc2c(=O)[nH]1.O=S(=O)(O)c1ccccc1,0
O=C(Nc1ccc(OC(F)(F)F)cc1)c1sccc1NCc1ccnc2ccccc12,0
C1N2CN3CN1CN(C2)C3.N#C[S-].N#C[S-].[Ca+2],0
CNC[C@H](O)[C@@H](O)[C@H](O)[C@H](O)CO.c1ccc2c(c1)cc(-c1nnn[nH]1)c1nnnn12,0
C1CNCCN1.O=P(O)(O)O,0
O.O.O=C(O)CCC(=O)O.O=c1[nH]cnc2c(CN3C[C@H](CO)[C@@H](O)C3)c[nH]c12.O=c1[nH]cnc2c(CN3C[C@H](CO)[C@@H](O)C3)c[nH]c12,0
COc1cc(Nc2ncc3c(n2)-c2ccc(Cl)cc2C(c2c(F)cccc2OC)=NC3)ccc1C(=O)[O-].O.[Na+],0
COc1ccc(C(C)(C)C)cc1CN[C@H]1C2CCN(CC2)[C@H]1C(c1ccccc1)c1ccccc1.O.O=C(O)CC(O)(CC(=O)O)C(=O)O,0
CCN(CC)CCOC(=O)C1(c2ccccc2)CCCC1.Cl,0
O=C(NCNC(=O)NC1C(=O)NC(=O)N1CO)NC1C(=O)NC(=O)N1CO,0
Nc1ccn([C@H]2CO[C@@H](COP(=O)(O)OP(=O)(O)OP(=O)(O)O)S2)c(=O)n1,0
[2H]C[C@@H]1CCC[C@H](C[2H])N1C(=O)N[C@@H](CC(C)(C)C)C(=O)N[C@H](Cc1cn(C(=O)OC)c2ccccc12)C(=O)N[C@H](CCCC)C(=O)[O-].[Na+],0
CO/N=C(\C(=O)N[C@@H]1C(=O)N2C(C(=O)[O-])=C(CSC(=O)c3ccco3)CS[C@H]12)c1csc(N)n1.[Na+],0
Cl.O.O.O.O=C(Nc1nc2cccc(-c3ccc(CN4CCS(=O)(=O)CC4)cc3)n2n1)C1CC1,0
Cn1cccc1C(=O)C(C#N)C(=O)Nc1ccccc1.NC(CO)(CO)CO,0
Cl.N=C(N)c1ccc(C=C2c3ccccc3-c3ccccc32)cc1,0
c1ccc2c(c1)sc1ccccc12,0
Nc1nc(O)c2ncn(CC3(OCP(=O)(O)O)CC3)c2n1,0
CC(C)=CCC[C@](C)(O[C@@H]1O[C@H](CO)[C@@H](O)[C@H](O)[C@H]1O)[C@H]1CC[C@]2(C)[C@@H]1[C@H](O)C[C@@H]1[C@@]3(C)CC[C@H](O)C(C)(C)[C@@H]3[C@@H](O[C@@H]3O[C@H](CO)[C@@H](O)[C@H](O)[C@H]3O[C@@H]3O[C@@H](C)[C@H](O)[C@@H](O)[C@H]3O)C[C@]12C,0
Cl.O=C1NCC2(CCN(CCc3ccccc3)CC2)O1,0
CCOC(=O)[C@H](C)N[P@](=O)(CO[C@@H]1C=C(F)[C@H](n2cnc3c(N)ncnc32)O1)Oc1ccccc1.O=C(O)CC(O)(CC(=O)O)C(=O)O,0
Cc1ccccc1CN1CCN(CCOC(c2ccccc2)c2ccccc2Cl)CC1.Cl.Cl,0
C=C(F)C(=O)N1CCN(c2nc(OC[C@@]34CCCN3C[C@H](F)C4)nc3c2CO[C@H](c2c(F)c(N)cc(C)c2C(F)(F)F)C3)C[C@@H]1CC#N,0
CC[C@H]1OC(=O)C[C@@H](O)[C@H](C)[C@@H](O[C@@H]2O[C@H](C)C[C@H](N(C)C)[C@H]2O)[C@@H](CC=O)C[C@@H](C)C(=O)/C=C/[C@]2(C)O[C@H]2[C@@H]1C.O=P([O-])(O)O.[Na+],0
Cl.Nc1c(Cl)cc(CC2=NCCN2)cc1Cl,0
CNS(=O)(=O)[N-]c1nccc(Cc2c(C)c3ccc(Oc4ncccn4)cc3oc2=O)c1F.[K+],0
C=CC(=O)Nc1cc(Nc2nccc(-c3cn(C)c4ccccc34)n2)c(OCC(F)(F)F)nc1N(C)CCN(C)C.CS(=O)(=O)O,0
COc1cccc2[nH]c(C(=O)N[C@@H](CC(C)C)C(=O)N[C@@H](C[C@@H]3CCNC3=O)C(=O)CO)cc12,0
OB1OB2OB(O)OB(O1)O2,0
CC(C)C(=O)Nc1cccc(C2CN3CCSC3=N2)c1.Cl,0
O=C(O)CC(O)(CC(=O)O)C(=O)O.O=C(OCCN1CCCCCC1)C(c1ccsc1)C1CCCCC1,0
CNS(=O)(=O)C[C@H]1CC[C@H](N(C)c2[nH]cnc3nccc2-3)CC1.O=C(O)/C=C\C(=O)O,0
O=[P@]1(S)OC[C@H]2O[C@@H]3[C@H](F)[C@@H]2O[P@](=O)(S)OC[C@H]2O[C@H]([C@H](F)[C@@H]2O1)n1cnc2c(ncnc21)NC/C=C/CNc1ncnc2c1ncn23,0
CCc1c(C(=O)C(N)=O)c2c(OCC(=O)[O-])cccc2n1Cc1ccccc1.[Na+],0
COc1ccc(-c2cc(=O)c3c(O)c(OC)c(O)cc3o2)cc1OC,0
COc1cc(-c2ccc(-[n+]3nc(-c4ccccc4)nn3-c3ccc([N+](=O)[O-])cc3)c(OC)c2)ccc1-[n+]1nc(-c2ccccc2)nn1-c1ccc([N+](=O)[O-])cc1.[Cl-].[Cl-],0
C=C1CC[C@H]2[C@H](CN)[C@@H]([C@@]3(C)CC[C@H](O)C[C@@H]3CO)CC[C@]12C.CC(=O)O,0
C=C[C@]1(C)C[C@@H](OC(=O)CSC(C)(C)CNC(=O)[C@H](N)C(C)C)[C@]2(C)[C@H](C)CC[C@]3(CCC(=O)[C@H]32)[C@@H](C)[C@@H]1O.Cl,0
COCc1nn(Cc2ccc(Cn3cc(F)ccc3=O)cc2)cc1C(=O)NCc1nccc(OC)c1F.Cl,0
N/N=c1\[nH][nH]/c(=N\N)c2ccccc12.O=S(=O)(O)O,0
Cc1ccc(NC(=O)c2ccc(CN3CCN(C)CC3)cc2)cc1Nc1nccc(-c2cncc(-c3oncc3C)c2)n1.O=C(O)CCC(=O)O,0
CC(=O)OC1C[C@]2(C)CC[C@H]1C2(C)C,0
NC1=NC(=O)N([C@H]2C[C@H](O)[C@@H](CO)O2)CN1,0
CCO[C@H]1CC[C@H](NCC[C@@]2(c3ccccn3)CCOC3(CCCC3)C2)c2ccccc21,0
COc1cc2c(cc1OC)[C@@]13CCN4CC5=CCO[C@H]6CC(=O)N2[C@H]1[C@H]6[C@H]5C[C@H]43.COc1cc2c(cc1OC)[C@@]13CCN4CC5=CCO[C@H]6CC(=O)N2[C@H]1[C@H]6[C@H]5C[C@H]43.O=S(=O)(O)O,0
O=C(Cc1cccs1)N[C@@H]1C(=O)N2C(C(=O)O)=C(/C=C/c3ccc([N+](=O)[O-])cc3[N+](=O)[O-])CS[C@H]12,0
CCOC(=O)[C@H](CCc1ccccc1)N[C@@H](C)C(=O)N1[C@H](C(=O)O)C[C@@H]2CCCC[C@@H]21,0
CO[C@@H]1[C@@H](O)[C@H](C)[C@@](O)(CC(=O)[O-])O[C@H]1[C@H](C)[C@H]1O[C@@]2(CC[C@@](C)([C@H]3CC[C@@](C)([C@@H]4O[C@@H]([C@H]5O[C@](C)(O)[C@H](C)C[C@@H]5C)C[C@@H]4O[C@H]4CC[C@H](OC)[C@@H](C)O4)O3)O2)C[C@H](O)[C@H]1C.[Na+],0
Cl.Nc1c2ccccc2nc2ccccc12,0
CN(C)CCCN1c2ccccc2Sc2cccnc21.Cl,0
CNS(=O)(=O)Cc1ccc2[nH]cc(CCCN3CCN(c4ncncc4OC)CC3)c2c1.O=C(O)/C=C/C(=O)O,0
CC[C@@H]1C(=O)OC[C@@H]1Cc1cncn1C.O=[N+]([O-])O,0
[Na+].[O-]c1c(-n2ccnn2)cnn1-c1cc(N2CCOCC2)ncn1,0
Cc1ccc(C(=O)N(CCCN)[C@@H](c2oc3cc(Cl)ccc3c(=O)c2Cc2ccccc2)C(C)C)cc1,0
CN1[C@@H]2CC[C@H]1C[C@@H](OC(=O)[C@H](CO)c1ccccc1)C2.CN1[C@@H]2CC[C@H]1C[C@@H](OC(=O)[C@H](CO)c1ccccc1)C2.O.O.O=S(=O)(O)O,0
C1CNCCN1.O.O=P(O)(O)O,0
C/C=C(/C)C(=O)O[C@H]1C(C)=C2[C@H]([C@@H]1OC(=O)CCCCCCC)[C@@](C)(OC(C)=O)C[C@H](OC(=O)CCCCCCCCCCCNC(=O)C[C@H](N)C(=O)O)[C@@]1(O)[C@H]2OC(=O)[C@@]1(C)O,0
CN(C)CCCSc1ccccc1NC(=O)/C=C/c1ccccc1.Cl,0
O=P(O)(O)OC[C@H]1O[C@@](O)(COP(=O)(O)O)[C@@H](O)[C@@H]1O,0
CCC(=O)OC[C@]1(O)O[C@H]([C@H]2C[C@H](C)[C@H]([C@]3(C)CC[C@H]([C@]4(C)CC[C@]5(C[C@H](O)[C@@H](C)[C@@H]([C@@H](C)[C@@H](OC(=O)CC)[C@H](C)C(=O)[O-])O5)O4)O3)O2)[C@@H](C)C[C@H]1C.[K+],0
CCn1cc(C(=O)O)c(=O)c2cc(F)c(N3CCNC(C)C3)c(F)c21.CS(=O)(=O)O,0
C/C(=N\NC(=O)c1ccncc1)C(=O)[O-].C/C(=N\NC(=O)c1ccncc1)C(=O)[O-].[Ca+2],0
Nc1ncn([C@@H]2O[C@H](COP(=O)(O)OP(=O)(O)OP(=O)(O)O)[C@@H](O)[C@H]2O)c(=O)n1,0
C1N2CN3CN1CN(C2)C3.O=C(O)C(O)c1ccccc1,0
C=C1C[C@@]23CC[C@H]4[C@@](C)(CCC[C@@]4(C)C(=O)O[C@@H]4O[C@H](CO)[C@@H](O)[C@H](O)[C@H]4O)[C@@H]2CC[C@]1(O[C@@H]1O[C@H](CO)[C@@H](O)[C@H](O)[C@H]1O[C@@H]1O[C@H](CO)[C@@H](O)[C@H](O)[C@H]1O)C3,0
Nc1nc(=O)c2nc(CNc3ccc(C(=O)N[C@@H](CCC(=O)O)C(=O)[O-])cc3)cnc2[nH]1.[Na+],0
[Na+].[O-][n+]1ccccc1[S-],0
CC(O)c1ccc(S(=O)(=O)NC(=O)NC2CCCCC2)cc1,0
Cl.N#Cc1cccc(-c2ccc3ncc(-c4cc(F)cc(F)c4)c(N4CCC(N)CC4)c3c2)c1O,0
CSc1ccc2ncn(/C=C/C(=O)[O-])c(=O)c2c1.O.[Na+],0
Cl.O=C(Nc1ncc(SCCN2CCCC2)s1)[C@]1(c2ccc(S(=O)(=O)C3CC3)cc2)C[C@H]1C1CCCCC1,0
Cl.O=C(O)c1cn(-c2ccc(F)cc2)c2cc(N3CCNCC3)c(F)cc2c1=O,0
CO/N=C(\C#N)[C@H]1CN2CCC1CC2.Cl,0
CN(C)CCCN(C)[C@H]1CC[C@H]2[C@@H]3CC=C4C[C@@H](O)CC[C@]4(C)[C@H]3CC[C@]12C.Cl.Cl,0
CS(=O)(=O)O.O=C(Cc1ccc(-c2ccc(OCCN3CCOCC3)cc2)cn1)NCc1ccccc1,0
C[C@@]1(F)[C@H](O)[C@@H](COP(=O)(O)OP(=O)(O)OP(=O)(O)O)O[C@@]1(C#N)c1ccc2c(N)ncnn12,0
Cc1cc(C2CCCCC2)n(OCOP(=O)(O)O)c(=O)c1,0
CC/N=c1\cc2oc3cc(NCC)c(C)cc3c(-c3ccccc3C(=O)OCC)c-2cc1C,0
CC1c2ccccc2C(CCCN(C)C)c2cc(C(F)(F)F)ccc21.Cl,0
Cc1ccc(C23CNCC2C3)cc1.Cl,0
CNC(=O)c1cccc2c(Nc3ccc(NS(C)(=O)=O)cc3OC)c3cccc(C)c3nc12,0
CC(=O)OCC1=C(C(=O)O)N2C(=O)[C@@H](NC(=O)CCC[C@@H](N)C(=O)O)[C@H]2SC1,0
C[N+]1(C)[C@@H]2CC[C@H]1C[C@@H](OC(=O)C(CO)c1ccccc1)C2.[Br-],0
CCn1nc(C2CCN(C(=O)CCO)CC2)nc1-c1cnc(N)c(-c2nnc(C(C)(C)C)o2)n1,0
Cl.O.O=C(O)[C@H]1C2CCC(CC2)[C@@H]1Nc1nc(-c2c[nH]c3ncc(F)cc23)ncc1F,0
O=C(NCCNCC(O)COc1ccc(O)cc1)N1CCOCC1.O=C(NCCNCC(O)COc1ccc(O)cc1)N1CCOCC1.O=C(O)/C=C/C(=O)O,0
Cl.O=[N+]([O-])c1cccc(C2CN3CCSC3=N2)c1,0
COc1ccc(CN(CCN(C)C)c2ncccn2)cc1.Cl,0
CCC[C@@]1(CCc2ccccc2)CC([O-])=C([C@H](CC)c2cccc([N-]S(=O)(=O)c3ccc(C(F)(F)F)cn3)c2)C(=O)O1.[Na+].[Na+],0
CN(C)CCC=C1c2ccccc2C(C)(C)c2ccccc21.Cl,0
CS(=O)(=O)O.Cc1nc(N(C)C(=O)Cc2ccc(-c3ccccn3)cc2)sc1S(N)(=O)=O,0
CN1CCN(c2cccc3[nH]c(=O)oc23)CC1.Cl,0
CO[C@]1(COC(=O)CCNC(=O)[C@@H](N)CCCCN)C[C@H]2O[C@]1(C)n1c3ccccc3c3c4c(c5c6ccccc6n2c5c31)C(=O)NC4.Cl.Cl,0
CC(=O)O.CC(C)[C@@H]1NC(=O)[C@H](CCCCN)NC(=O)[C@@H](Cc2c[nH]c3ccccc23)NC(=O)[C@H](Cc2ccc(O)cc2)NC(=O)[C@H](C)N(C)C(=O)[C@H](Cc2ccccc2)NC1=O,0
Cl.Cl.NCCNC1CCC(CC(=O)N[C@H]2Cc3cccc(C(=O)O)c3OB2O)CC1,0
CCC(=O)N(c1ccccc1)C1(C(=O)OC)CCN(CCc2ccccc2)CC1.O=C(O)CC(O)(CC(=O)O)C(=O)O,0
CCC(=O)N(c1ccccc1)C1(C(=O)O[11CH3])CCN(CCc2ccccc2)CC1,0
CS(=O)(=O)[O-].C[n+]1ccccc1C=NO,0
CC(=O)O[C@@]12CO[C@@H]1C[C@H](O)[C@@]1(C)C(=O)[C@H](O)C3=C(C)[C@@H](OC(=O)[C@H](OC(=O)CCC(=O)O)[C@@H](NC(=O)OC(C)(C)C)c4ccccc4)C[C@@](O)([C@@H](OC(=O)c4ccccc4)[C@H]21)C3(C)C,0
CO[C@H]1C[C@H](O[C@H]2[C@H](C)[C@@H](O[C@@H]3O[C@H](C)C[C@H](N(C)C)[C@H]3O)[C@@H](C)C[C@@]3(CO3)C(=O)[C@H](C)[C@@H](O)[C@@H](C)[C@@H](C)OC(=O)[C@@H]2C)O[C@@H](C)[C@@H]1O.O=P(O)(O)O,0
CCOC(=O)[C@H](C)NP(=O)(COCCn1cnc2c(NC3CC3)nc(N)nc21)N[C@@H](C)C(=O)OCC.O=C(O)CCC(=O)O,0
CN(C)CCc1c[nH]c2ccc(Cn3cncn3)cc12.CN(C)CCc1c[nH]c2ccc(Cn3cncn3)cc12.O.O=S(=O)(O)O,0
COc1ccc(C[C@H](N)C(=O)N[C@H]2[C@@H](O)[C@H](n3cnc4c(N(C)C)ncnc43)O[C@@H]2CO)cc1.Cl.Cl,0
CCOc1cc2cc(C(=O)[O-])sc2cc1OCC.[Na+],0
COC(=O)[C@H]1[C@H]2C[C@@H]3c4[nH]c5cc(OC)ccc5c4CCN3C[C@H]2C[C@H](OC)[C@@H]1OC.Cl,0
CN1CCN(c2ccc(OC(F)(F)F)c(Nc3ncc4c(n3)-c3c(c(C(N)=O)nn3CCO)CC4)c2)CC1.O=C(O)/C=C/C(=O)O,0
C=CC(=O)Nc1cc(Nc2nccc(-c3cn(C4CC4)c4ccccc34)n2)c(OC)cc1N(C)CCN(C)C.CS(=O)(=O)O,0
CCCCCCCCN=c1ccn(CCCCCCCC)cc1.Cl,0
C=CCc1c(OC(=O)N2CCC(N3CCCCC3)CC2)ccc2nc3c(cc12)Cn1c-3cc2c(c1=O)COC(=O)[C@]2(O)CC,0
CC[C@@]1(O)C(=O)OCc2c1cc1n(c2=O)Cc2c-1nc1cc(F)c(C)c3c1c2[C@@H](NC(=O)[C@H]1C[C@@H](OCNC(=O)CNC(=O)[C@H](Cc2ccccc2)NC(=O)CNC(=O)CNC(=O)CCCCCN2C(=O)C=CC2=O)C1)CC3,0
CO[C@H]1CCC[C@H]2C1=C(C(=O)[O-])N1C(=O)[C@H]([C@@H](C)O)[C@@H]21.[Na+],0
CCn1nnc([C@H]2O[C@@H](n3cnc4c(N)nc(N[C@H](CO)Cc5ccccc5)nc43)[C@H](O)[C@@H]2O)n1,0
Nc1nc2c(ncn2CCOCP(=O)(O)O)c(=O)[nH]1,0
O=c1ccc2ccc(O)c(O)c2o1,0
Cc1ccc(-c2cc([C@@H]3C4CCC(C[C@@H]3c3ccc(Cl)cc3)N4C)on2)cc1,0
COc1cc2cc(c1Cl)N(C)C(=O)C[C@H](OC(=O)[C@H](C)N(C)C(=O)CCC(C)(C)SSCCC(C(=O)O)S(=O)(=O)O)[C@]1(C)O[C@H]1[C@H](C)[C@@H]1C[C@@](O)(NC(=O)O1)[C@H](OC)/C=C/C=C(\C)C2,0
CC1(C)S[C@@H]2[C@H](NC(=O)COc3ccccc3)C(=O)N2[C@H]1C(=O)O.CC1(C)S[C@@H]2[C@H](NC(=O)COc3ccccc3)C(=O)N2[C@H]1C(=O)O.c1ccc(CNCCNCc2ccccc2)cc1,0
CC[C@H](C)[C@H]1O[C@]2(C=C[C@@H]1C)C[C@@H]1C[C@@H](C/C=C(\C)[C@@H](O[C@H]3C[C@H](OC)[C@@H](O[C@H]4C[C@H](OC)[C@@H](O)[C@H](C)O4)[C@H](C)O3)[C@@H](C)/C=C/C=C3\CO[C@@H]4[C@H](O)C(C)=C[C@@H](C(=O)O1)[C@]34O)O2,0
N=C(N)N1CCc2ccccc2C1.N=C(N)N1CCc2ccccc2C1.O=S(=O)(O)O,0
C=CC1=C(C)c2cc3[nH]c(cc4nc(cc5[nH]c(cc1n2)c(C)c5CCC(=O)[O-])C(CCC(=O)[O-])=C4C)c(C)c3C=C.[Na+].[Na+],0
C=CC(=O)N1CCN([C@@H](CC2CC2)c2ccc([C@H](C)Nc3ncc4c(n3)N(CC)C(=O)OC4)cc2)CC1.O=C(O)c1cc(O)ccc1O.O=C(O)c1cc(O)ccc1O,0
Cc1cc(C)cc(C(=O)O[C@H]2C[C@H]3CC[C@@H](C2)N3C)c1.Cl,0
COc1cc(N2CCC(N3CCN(C)CC3)CC2)ccc1Nc1nc2c(c(Nc3ccccc3S(=O)(=O)NC(C)C)n1)CCN2,0
CC(C)Oc1ccc(C(=O)Nc2ccc(Oc3cc4cnn(C)c4cc3-c3cn[nH]c3)c(F)c2)c(=O)n1-c1ccc(F)cc1,0
CNC(=O)c1nn(C)c2c1C(C)(C)Cc1cnc(Nc3ccc(N4CCN(C)CC4)cc3)nc1-2.O=C(O)/C=C\C(=O)O,0
Cl.NC1CCCC1c1ccccc1,0
COc1ccc2cc3[n+](cc2c1OC)CCc1cc2c(cc1-3)OCO2.O=S(=O)([O-])O,0
Oc1ccc(C(c2ccc(O)cc2)c2ccccn2)cc1,0
COc1ccc(CCN(C)CCCC2(c3ccc(OC)c(OC)c3)S(=O)(=O)CCCS2(=O)=O)cc1OC.Cl.O,0
O=C[C@H](CC(=O)O)NC(=O)[C@@H]1CCCN2C(=O)CC[C@H](NC(=O)c3nccc4ccccc34)C(=O)N12,0
CCN(CC)CCCC(C)Nc1c2ccc(Cl)cc2nc2ccc(OC)cc12.Cl.Cl.O.O,0
CC1(C)S[C@@H]2[C@H](NC(=O)[C@H](NC(=O)CNC(=N)c3ccncc3)c3ccccc3)C(=O)N2[C@H]1C(=O)[O-].[Na+],0
CC(C(O)c1ccc(O)cc1)N1CCC(Cc2ccccc2)CC1.O=C(O)CCC(=O)O,0
CC[C@H]1CC(=O)[C@@H]2Oc3c(OC)ccc4c3[C@@]23CCN(CC2CC2)[C@H](C4)[C@H]13.Cl,0
CC(=O)Nc1ccc(N2CCN(CCCN(C)C)CC2)cc1.O=C(O)/C=C\C(=O)O.O=C(O)/C=C\C(=O)O,0
CC(=O)N1CCN([C@H]2CCN(C(=O)N(C)[C@H](C)c3cc(C(F)(F)F)cc(C(F)(F)F)c3)[C@@H](c3ccc(F)cc3C)C2)CC1.CS(=O)(=O)O,0
N=c1c2c(-c3ccccc3)c(-c3ccccc3)n(Cc3ccccc3)c2ncn1[C@H]1CC[C@H](O)CC1,0
CN1CCN2c3ccccc3Cc3ccccc3C2C1.Cl,0
OB1OB(O)O[B-]2(O1)OB(O)OB(O)O2,0
CCN(CC)c1ccc2cc(C(=O)Nc3ccc4[nH]c(C(=O)N5C[C@H]6C[C@@]67C5=CC(=O)c5[nH]cc(C)c57)cc4c3)oc2c1,0
CN(C)[C@@H]1C(O)=C(C(N)=O)C(=O)[C@@]2(O)C(O)=C3C(=O)c4c(O)c(NC(=O)[C@@H]5CCCN5C)cc(F)c4C[C@H]3C[C@@H]12,0
COc1cc(C(=O)N(C(C)C)C(C)C)ccc1OCCCCCOc1ccc(C(=N)N)cc1.O=C(O)/C=C\C(=O)O,0
O=C(CCCCC(=O)Nc1c([131I])cc([131I])c(C(=O)[O-])c1[131I])Nc1c([131I])cc([131I])c(C(=O)[O-])c1[131I].[Na+].[Na+],0
CC1(C)CC=C(c2nc(C3CC(C)(C)OC(C)(C)C3)ccc2NC(=O)c2nc(C#N)c[nH]2)CC1.Cl,0
Cn1ccc(S(=O)(=O)N2CCC[C@@H](Nc3nccc(-c4c(-c5cccc(OCOP(=O)([O-])[O-])c5)nc5occn45)n3)C2)n1.[Na+].[Na+],0
C[C@]1(c2ccc(Cl)cn2)Oc2cccc(C3CCN(Cc4nc5ccc(C(=O)O)cc5n4C[C@@H]4CCO4)CC3)c2O1.NC(CO)(CO)CO,0
COc1cc(OC)nc(NS(=O)(=O)c2ccc(N)cc2)n1,0
C=CC(=O)Nc1cccc(Oc2nc(Nc3ccc(N4CCN(C)CC4)cc3)nc3ccsc23)c1.Cl.Cl,0
CCN(CC)CCOc1cc2oc(=O)cc(C)c2cc1OCCN(CC)CC.Cl.Cl,0
COc1cccc2c1C(=O)c1c(O)c3c(c(O)c1C2=O)C[C@@](O)(/C(C)=N/NC(=O)c1ccccc1)C[C@@H]3O[C@H]1C[C@H](N)[C@H](O)[C@H](C)O1.Cl,0
COc1cc(C)c(OC)c(C)c1CC1=NCCN1.O=C(O)/C=C/C(=O)O,0
N=C(N)N1CCc2ccc(Br)cc2C1.N=C(N)N1CCc2ccc(Br)cc2C1.O=S(=O)(O)O,0
COC(=O)c1cc(OC)c2c(c1-c1c(C(=O)OC)cc(OC)c3c1OCO3)OCO2,0
CCN1C[C@]2(COC(=O)c3ccccc3N3C(=O)C[C@H](C)C3=O)CC[C@H](OC)[C@@]34C1[C@@]1(OCO[C@@]15C[C@H](OC)[C@H]1C[C@@H]3[C@@H]5[C@H]1OC)[C@@H](OC)[C@H]24,0
CNCCCOc1cc(F)c(-c2c(Cl)nc3ncnn3c2N[C@@H](C)C(F)(F)F)c(F)c1.O.O.O=C(O)/C=C/C(=O)O,0
C=C1C[C@@H]2CC[C@@]34C[C@@H]5O[C@@H]6[C@@H](O[C@H]7CC[C@H](CC(=O)O[C@@H]8[C@@H](C)[C@@H]9O[C@@H]%10C[C@]%11(C[C@@H]%12O[C@]%13(C[C@H](C)[C@@H]%14O[C@H](CN)[C@H](O)C[C@@H]%14O%13)C[C@H](C)[C@@H]%12O%11)O[C@@H]%10C[C@@H]9O[C@H]8C[C@H]8O[C@@H](CC[C@@H]1O2)C[C@@H](C)C8=C)O[C@@H]7[C@@H]6O3)[C@H]5O4,0
C[C@@H]1O[C@H]2CC(=O)O[C@H]2C2=C1C(=O)c1c(O)c3c(c(O)c1C2=O)[C@H]1C[C@@H](O[C@H]2CC[C@H](O)[C@H](C)O2)[C@@]3(O)[C@@H](C)O1,0
CC(C)[C@@]1(NC(=O)[C@@H]2C[C@@H]3c4cccc5[nH]cc(c45)C[C@H]3N(C)C2)O[C@@]2(O)[C@@H]3CCCN3C(=O)[C@H](Cc3ccccc3)N2C1=O,0
CCOC(=O)[C@H](CCc1ccccc1)N[C@@H](C)C(=O)N1[C@H](C(=O)O)C[C@@H]2CCCC[C@@H]21.Cl,0
C#Cc1cccc(-c2cc(=O)n(C)c3ccc([C@](O)(c4ccc(Cl)cc4)c4cncn4C)cc23)c1,0
CC1(C)[C@@H]2CC[C@@]1(C)C(=O)[C@H]2Br,0
CC(=O)O[C@H]1C[C@H](O[C@H]2[C@@H](O)C[C@H](O[C@H]3[C@@H](O)C[C@H](O[C@H]4CC[C@@]5(C)[C@H](CC[C@@H]6[C@@H]5C[C@@H](O)[C@]5(C)[C@@H](C7=CC(=O)OC7)CC[C@]65O)C4)O[C@@H]3C)O[C@@H]2C)O[C@H](C)[C@H]1O,0
CC1=C(OCc2cccc(-c3ccccc3)c2Br)C=C(OCc2cccnc2)C(CN[C@@H](CO)C(=O)OC(C)C)C1,0
CO[C@]1(COC(=O)CCNC(=O)[C@@H](N)CCCCN)C[C@H]2O[C@]1(C)n1c3ccccc3c3c4c(c5c6ccccc6n2c5c31)C(=O)NC4,0
CS(=O)(=O)O.CS(=O)(=O)O.C[C@H](CNCCNC[C@@H](C)N1C(=O)c2cccc3cc([N+](=O)[O-])cc(c23)C1=O)N1C(=O)c2cccc3cc([N+](=O)[O-])cc(c23)C1=O,0
Cc1ccc2c(c1)c1c(n2CCc2ccc(C)nc2)CCN(C)C1.Cl.Cl,0
CC(=O)Oc1ccccc1C(=O)OC1=CC[C@H]2[C@H]3Cc4ccc(OC(=O)c5ccccc5OC(C)=O)c5c4[C@@]2(CCN3C)[C@H]1O5.Cl,0
CC(C)C[C@H](O)[C@H](O)[C@H](CC1CCCCC1)NC(=O)[C@H](Cc1cscn1)NC(=O)[C@H](Cc1ccccc1)CS(=O)(=O)N1CCN(C)CC1.Cl,0
CC[C@H]1O[C@]2(CC[C@@H]1C)C[C@@H]1C[C@@H](C/C=C(\C)[C@H](OCCc3ccc(N(C)S(C)(=O)=O)cc3)[C@@H](C)/C=C/C=C3\CO[C@@H]4[C@H](O)C(C)=C[C@@H](C(=O)O1)[C@]34O)O2,0
C[S@+]([O-])CCOc1cc(N2CCN(CCn3c(=O)sc4c3nc(N)n3nc(-c5ccco5)nc43)CC2)c(F)cc1F.Cl,0
CC(=O)OC[C@H]1O[C@@](COC(C)=O)(O[C@H]2O[C@H](COC(C)=O)[C@@H](OC(C)=O)[C@H](OC(C)=O)[C@H]2OC(C)=O)[C@@H](OC(C)=O)[C@@H]1OC(C)=O,0
COc1cc(NC(=O)OCCN(C)[C@H]2CC[C@H](OC(=O)C(O)(c3cccs3)c3cccs3)CC2)c(Cl)cc1CNC[C@H](O)c1ccc(O)c2[nH]c(=O)ccc12,0
Cl.O=C(Cc1cccc(OC(F)(F)F)c1)Nc1ccc(CCCCc2nnc(NC(=O)Cc3ccccn3)s2)nn1,0
Nc1nc2c(ncn2COCCOP(=O)(O)OP(=O)(O)OP(=O)(O)O)c(=O)[nH]1,0
CC[C@H](C)OC(=O)Cc1oc2ccccc2c1C(=O)c1cc(I)c(OCCN(CC)CC)c(I)c1.O=C(O)C(O)C(O)C(=O)O,0
CC1=C(CCC(=O)O)c2cc3[nH]c(cc4nc(cc5[nH]c(cc1n2)c(C)c5C(C)O)C(C)=C4C(C)O)c(C)c3CCC(=O)O,0
CC1(C)S[C@@H]2[C@H](NC(=O)[C@H](NC(=O)c3ccc(-c4ccc(S(=O)(=O)N(CCO)CCO)cc4)[nH]c3=O)c3ccc(O)cc3)C(=O)N2[C@H]1C(=O)[O-].[Na+],0
Br.[2H]c1cc([C@]2(C#N)O[C@H](COC(=O)C(C)C)[C@@H](OC(=O)C(C)C)[C@H]2OC(=O)C(C)C)n2ncnc(N)c12,0
O=C([O-])c1ccc(/C=C/S(=O)(=O)Cc2ccc(Cl)cc2)cc1.[Na+],0
Cc1cc(N2C(=O)NC(=O)C2(C)C)cc(C)c1CCS(=O)(=O)N1CCC2(CC1)N=C(c1ccc(OC(F)(F)F)cc1)NC2=O,0
CO[C@H]1[C@@H](O)[C@H](N)[C@@H](O[C@H]2O[C@H]([C@H](C)N)CC[C@H]2N)[C@H](O)[C@@H]1N(C)C(=O)CN.O=S(=O)(O)O.O=S(=O)(O)O,0
c1cncc([C@@H]2CCCN2)c1,0
CCC(C)OC(=O)OC[N+]1(C)CCN(Cc2ccc(C(=O)Nc3ccc(C)c(Nc4nccc(-c5cccnc5)n4)c3)cc2)CC1.CS(=O)(=O)[O-],0
O=C(O)c1cc(=O)c2ccccc2[nH]1,0
O=C([O-])CCC/C=C\CC1C(O)CC(O)C1/C=C/C(O)COc1cccc(Cl)c1.[Na+],0
COc1cc2c(cc1OC)[C@H]1C[C@@H](O)[C@H](CC(C)C)CN1CC2,0
CN(C)Cc1nnc2n1-c1ccc(Cl)cc1C(c1ccccc1)=NC2.CS(=O)(=O)O,0
N#Cc1ccc(O[C@H]2CC[C@H](NC(=O)c3ccc(N4CCC(CN5CCN(c6cc7c(cc6F)C(=O)N(C6CCC(=O)NC6=O)C7=O)CC5)CC4)nn3)CC2)cc1Cl,0
CN(C)[C@@H]1C(O)=C(C(=O)NCN2CCCC2)C(=O)[C@@]2(O)C(O)=C3C(=O)c4c(O)cccc4[C@@](C)(O)[C@H]3C[C@@H]12.O=[N+]([O-])O,0
COc1ccc([C@@H](O)[C@H](NC(=O)[C@H](C)NC(=O)CN2CCOCC2)C(=O)N[C@@H](CC2=CCCC2)C(=O)[C@@]2(C)CO2)cc1.O=C(O)/C=C\C(=O)O,0
CN(C)CC#CC=C1c2ccccc2C=Cc2ccccc21.Cl,0
CCn1cc(C(=O)[O-])c(=O)c2cc3c(cc21)CCO3.[Na+],0
N#C[C@@]1(c2ccc3c(N)ncnn23)O[C@H](COP(=O)(O)OP(=O)(O)OP(=O)(O)O)[C@@H](O)[C@H]1O,0
CN(C)CCNC(=O)COc1c2cccc1Cc1cccc(c1OCC(=O)NCCN(C)C)Cc1cccc(c1OCC(=O)NCCN(C)C)Cc1cccc(c1OCC(=O)NCCN(C)C)C2,0
CS(=O)(=O)O.NC(N)=NC(=O)c1cnn(-c2cccc3ncccc23)c1C1CC1,0
CCN(CC)CCOC1(c2ccccc2)CCN(CCNc2ccccc2)CC1.O=S(=O)(O)NC1CCCCC1.O=S(=O)(O)NC1CCCCC1,0
CN1C(C)(C)CC(OC(=O)CCC(=O)OC2CC(C)(C)N(C)C(C)(C)C2)CC1(C)C.O=S(=O)(O)O.O=S(=O)(O)O,0
COc1cc(N)c(Cl)cc1C(=O)N[C@@H]1CCN(CCCCCC(=O)O[C@H]2CN3CCC2CC3)C[C@@H]1OC.Cl.Cl,0
Nc1nc2c(ncn2CC[C@@H](CO)COP(=O)(O)OP(=O)(O)OP(=O)(O)O)c(=O)[nH]1,0
CN1CCN(C(=O)[C@H](CCCN[C@@H]2C[C@H]2c2ccc(F)cc2)NC(=O)c2ccc(-n3ccnn3)cc2)CC1.Cc1ccc(S(=O)(=O)O)cc1.Cc1ccc(S(=O)(=O)O)cc1,0
Cc1ccc(C(=O)Oc2ccc(C(CN(C)C)C3(O)CCCCC3)cc2)cc1.Cl.O.O,0
O=C(O)CCC/C=C\C[C@@H]1[C@@H](/C=C/C(F)(F)COc2ccccc2)[C@H](O)C[C@@H]1O,0
Cn1c(=O)n(C2CCC(=O)NC2=O)c2cccc(C#CCOC3CCN(C[C@H]4CC[C@H](n5cc(NC(=O)c6cnn7ccc(N8C[C@H]9C[C@@H]8CO9)nc67)c(C(F)F)n5)CC4)CC3)c21,0
O=c1[nH]c(=S)[n-]cc1I.[Na+],0
N=C(N)NCCC[C@H](NC(=O)[C@@H]1C[C@@H](O)CN1C(=O)[C@@H](N)Cc1ccc(F)cc1)C(=O)NCC(=O)N[C@@H](Cc1c[nH]c2ccccc12)C(N)=O.O=C(O)C(F)(F)F.O=C(O)C(F)(F)F,0
C[C@@H](c1cc(Cl)cc2ccccc12)N(C)C(=O)CC1(c2ccc(F)cc2)CCN(C)CC1,0
Cl.NC(CO)(CO)CCc1ccc(Sc2cccc(OCc3ccccc3)c2)cc1Cl,0
O=C(O)CNC(=O)Oc1cc(-c2oc3cc(O)cc(O)c3c(=O)c2O)ccc1O,0
COc1ncc(-c2nc3c(n2C(C)C)[C@H](c2ccc(Cl)cc2)N(c2cc(Cl)cn(C)c2=O)C3=O)c(OC)n1.O=C(O)CCC(=O)O,0
COc1cc(C(=O)N2CCC3(CC2)CC(=O)c2c(cnn2C(C)C)C3)cc(-c2ccc(C(=O)O)cc2)n1.NC(CO)(CO)CO,0
Cn1cnc(Cn2c(=O)[nH]/c(=N\c3cc4cn(C)nc4cc3Cl)n(Cc3cc(F)c(F)cc3F)c2=O)n1.O=C(O)/C=C/C(=O)O,0
C=C[C@H]1CN2CC[C@H]1C[C@H]2[C@H](O)c1ccnc2ccc(OC)cc12.O=C1O[C@H]([C@@H](O)CO)C(O)=C1O.O=C1O[C@H]([C@@H](O)CO)C(O)=C1O,0
O=C([O-])CSc1nnc(Br)n1-c1ccc(C2CC2)c2ccccc12.[Na+],0
CC1(C)S[C@@H]2[C@H](NC(=O)C(C(=O)Oc3ccccc3)c3ccccc3)C(=O)N2[C@H]1C(=O)[O-].[Na+],0
Cl.Cl.OCCN1CCN(CCCN2c3ccccc3C=Cc3ccccc32)CC1,0
Cl.Cl.O=C(CCNc1c2ccccc2nc2ccccc12)OCCN(CCCl)CCCl,0
N#Cc1nn(-c2c(Cl)cc(C(F)(F)F)cc2Cl)c(NCc2ccccn2)c1SC(F)F,0
C=C1/C(=C\C=C2/CCC[C@]3(C)C([C@H](C)CC#CC(C)(C)O)=CC[C@@H]23)C[C@@H](O)C[C@@H]1O,0
Cc1c(F)c(N)c2c(=O)cc(-c3ccc(N)c(F)c3)oc2c1F,0
O=C(O)CCC/C=C\C[C@@H]1[C@@H](CC[C@@H](O)CCc2ccccc2)[C@H](O)C[C@@H]1O,0
Cc1cc(C[C@@H](NC(=O)N2CCC3(CC2)OC(=O)Nc2ncccc23)C(=O)N[C@@H](CC2CCNCC2)C(=O)N2CCN(c3ccncc3)CC2)cc2cn[nH]c12,0
O=C(OCOC(=O)[C@H]1CCCN1C(=O)CCCCC(=O)N1CCC[C@@H]1C(=O)OCOC(=O)OC1CCOCC1)OC1CCOCC1,0
CC1=CC(=O)c2c(O)cccc2C1=O,0
CN(C)CCN1C(=O)c2cccc3cc(N)cc(c23)C1=O.O=C(O)C[C@H](O)C(=O)O,0
CN1CCN([C@@H]2CCCN(c3cnc(C(N)=O)c(Nc4ccc(C5CCN(CC6CCN(c7ccc(C(=O)N[C@H]8CCC(=O)NC8=O)nc7)CC6)CC5)cc4)n3)C2)C1=O,0
CN1CCN(CCOc2cc(OC3CCOCC3)c3c(Nc4c(Cl)ccc5c4OCO5)ncnc3c2)CC1.O=C(O)/C=C/C(=O)O.O=C(O)/C=C/C(=O)O,0
CNCc1cn(S(=O)(=O)c2cccc(F)c2)c(-c2ccc(F)cc2F)c1OC.Cl,0
NCCN.O.O=C(O)CCS[C@H](c1ccccc1CCCCCCCCc1ccccc1)[C@@H](O)C(=O)O,0
Cc1ccc(S(=O)(=O)O)cc1.O=C(O)c1nc2ccccc2n([C@@H]2C[C@H]3CCC[C@@H](C2)N3C2C[C@H]3CCC[C@@H](C2)C3)c1=O,0
COc1ccsc1CNCC[C@@]1(c2ccccn2)CCOC2(CCCC2)C1.O=C(O)/C=C/C(=O)O,0
NC(=O)[C@H]1CCN(c2ncnc(N)c2F)C[C@@H]1N1CCC[C@@H](Nc2cc(Cl)cc(C(F)(F)F)c2)C1=O.O=C(O)CCC(=O)O,0
C[C@H](N)C(=O)N[C@@]1(C(=O)O)C[C@@H](Sc2nnc[nH]2)[C@H]2[C@H](C(=O)O)[C@H]21,0
Cc1ccccc1CN1C(=O)C2=C(CCN(Cc3ccccc3)C2)N2CCN=C12.Cl.Cl,0
O=C(O)CCC(=O)O.OC(CSc1ncnc2[nH]cnc12)CN1CCN(C(c2ccc(F)cc2)c2ccc(F)cc2)CC1,0
COc1ccc2c(O[C@@H]3C[C@H]4C(=O)N[C@]5(C(=O)[N-]S(=O)(=O)C6CC6)C[C@H]5/C=C\CCCCC[C@H](CC(=O)N5CCCC(F)(F)C5)C(=O)N4C3)cc(-c3nc(C(C)C)cs3)nc2c1C.[Na+],0
COc1ccc(C(=C(c2ccccc2)[N+](=O)[O-])c2ccc(OCCN3CCCC3)cc2)cc1.O=C(O)CC(O)(CC(=O)O)C(=O)O,0
Cc1cc(O)c2c(=O)c3c(O)cc([O-])c4c5c(O)cc(O)c6c(=O)c7c(O)cc(C)c8c1c2c(c34)c(c78)c65.[Na+],0
CC(=O)O.CSCC[C@@H](C(N)=O)N(C)C(=O)[C@H](Cc1ccccc1)NC(=O)CNC(=O)[C@@H](C)NC(=O)[C@@H](N)Cc1ccc(O)cc1,0
C=CCNc1nc(NCC=C)nc(N2CCN(C(c3ccc(F)cc3)c3ccc(F)cc3)CC2)n1.CS(=O)(=O)O.CS(=O)(=O)O,0
COc1ccc(-c2cc(=O)c3c(OCCO)cc(O[C@@H]4O[C@H](CO[C@@H]5O[C@@H](C)[C@H](O)[C@@H](O)[C@H]5O)[C@@H](O)[C@H](O)[C@H]4O)cc3o2)cc1O,0
C[C@H](C(=O)O)c1ccc(C[C@H]2CCC[C@@H]2O)cc1,0
CN(C)CCCN1c2ccccc2CC(=O)c2ccccc21.O=C(O)/C=C/C(=O)O,0
C[C@@H]1CN(C(=O)c2ccc(NC(=O)c3cc(O[C@H](C)c4c(Cl)ccc(F)c4Cl)c(N)nn3)cc2)C[C@H](C)N1.Cl.Cl,0
CC(C)(C)Sc1c(CC(C)(C)C(=O)[O-])n(Cc2ccc(Cl)cc2)c2ccc(OCc3ccc4ccccc4n3)cc12.[Na+],0
CCOC(=O)[C@@H]1C2CCC(C[C@@H]1OC(=O)c1ccccc1)N2C,0
Cn1ccc(S(=O)(=O)N2CCC[C@@H](Nc3nccc(-c4c(-c5cccc(OCOP(=O)(O)O)c5)nc5occn45)n3)C2)n1,0
COc1ccc(N(C(C)=O)S(=O)(=O)c2ccc(N)cc2)nn1,0
Nc1cc(N2CCCCC2)nc(N)[n+]1OS(=O)(=O)[O-],0
CC(=O)/C=C(/C)N[C@@H]1CON=C1[O-].O.[Na+],0
CCC(C)OC(=O)OC[N+]1(C)CCN(Cc2ccc(C(=O)Nc3ccc(C)c(Nc4nccc(-c5cccnc5)n4)c3)cc2)CC1,0
O=[N+]([O-])c1ccc(/N=N/c2c(S(=O)(=O)[O-])cc3cc(S(=O)(=O)[O-])ccc3c2O)c([N+](=O)[O-])c1.[Na+].[Na+],0
CCOc1c([C@H](C)n2nc(C)c3c(N)ncnc32)cc(Cl)c(F)c1[C@@H]1CNC(=O)C1.Cl,0
CNCCCOc1cc(F)c(-c2c(Cl)nc3ncnn3c2N[C@@H](C)C(F)(F)F)c(F)c1.O.O.O=C(O)CCC(=O)O,0
Cc1nc([N-]S(=O)(=O)c2ccc(N)cc2)nc(C)c1Br.O.[Na+],0
CCC[C@@H](CCO)Nc1nc(N)nc(C)c1Cc1ccc(CN(CC(=O)O)CC(F)(F)F)cc1OC,0
Cl.NC(=O)[C@@H]1CC[C@H](c2ccc(OCc3ccccc3F)cc2)N1,0
COC(=O)Nc1nc2ccccc2[nH]1,0
CCCC(=O)OCC/C(SS/C(CCOC(=O)CCC)=C(\C)N(C=O)Cc1cnc(C)nc1N)=C(/C)N(C=O)Cc1cnc(C)nc1N,0
CN1CCN(C2CCN(C(=O)Nc3cc(Oc4ccc(NC(=O)C5(C(=O)Nc6ccc(F)cc6)CC5)c(F)c4)ccn3)CC2)CC1.O=C(O)C(O)C(O)C(=O)O,0
CC(=O)C1C(=O)C=C(C)OC1=O,0
Cc1c(NCCN2CCCC2)cc(C(=O)CCC(F)(F)F)cc1N1CCN(c2ncnc3[nH]nc(Br)c23)CC1,0
CS(=O)(=O)O.Cc1nc(NNC(=O)[C@H](CC2CCCC2)CN(O)C=O)c(F)c(N2CCN3CCOC[C@@H]3C2)n1,0
COc1ccc2c(c1)CCC(c1ccccc1)=C2c1ccc(OCCN2CCCC2)cc1.Cl,0
OB1OCc2cc(Cl)ccc21,0
CO[C@@H]1[C@H](O)C[C@@H](O[C@@H]2C[C@H](Oc3cc4cc5c(c(O)c4c(O)c3C)C(=O)[C@@H](O[C@H]3C[C@@H](O[C@H]4C[C@@H](O[C@H]6C[C@](C)(O)[C@@H](OC(C)=O)[C@H](C)O6)[C@H](O)[C@@H](C)O4)[C@H](O)[C@@H](C)O3)[C@H]([C@H](OC)C(=O)[C@@H](O)[C@@H](C)O)C5)O[C@H](C)[C@@H]2OC(C)=O)O[C@@H]1C,0
Cc1ncc2n1-c1ccc(Cl)cc1C(c1ccccc1F)=NC2.O=C(O)/C=C\C(=O)O,0
N=C(NCCCCCCNC(=N)NC(=N)Nc1ccc(Cl)cc1)NC(=N)Nc1ccc(Cl)cc1.Nc1ccc(P(=O)(O)O)cc1.Nc1ccc(P(=O)(O)O)cc1,0
O=[N+]([O-])c1ccc(/N=N/c2c(S(=O)(=O)O)cc3cc(S(=O)(=O)O)ccc3c2O)c([N+](=O)[O-])c1,0
Nc1nc(NC2CC2)c2ncn([C@H]3C=C[C@@H](CO)C3)c2n1.O=C(O)CCC(=O)O,0
C[N+]1([O-])[C@@H]2CC[C@H]1C[C@@H](OC(=O)C(CO)c1ccccc1)C2.Cl,0
O=C1C[C@@H]2OCC=C3CN4CC[C@]56c7ccccc7N1[C@H]5[C@H]2[C@H]3C[C@H]46.O=C1C[C@@H]2OCC=C3CN4CC[C@]56c7ccccc7N1[C@H]5[C@H]2[C@H]3C[C@H]46.O=S(=O)(O)O,0
CCc1cc(F)c2nc(N3CCC(NC4CCOCC4)CC3)c(-c3nc(C)no3)c(C)c2c1.Cl,0
CN(C)c1ccc(C(O)(c2ccc(N(C)C)cc2)c2ccc(N(C)C)cc2)cc1,0
CNC(=O)c1c(-c2ccc(F)cc2)oc2cc(N(C)S(C)(=O)=O)c(-c3ccc4c(n3)-c3cc5c(F)cccc5n3CO4)cc12,0
COc1ccccc1N1CCN(CCc2c[nH]c3cc4c(cc23)OCO4)CC1.O=C(O)C(O)C(O)C(=O)O,0
COc1ccccc1Oc1c([N-]S(=O)(=O)c2ccc(C)cn2)nc(-c2ccnc(-c3nnn[n-]3)c2)nc1OCCO.[Na+].[Na+],0
COc1cc([C@](O)(CCN(C)C)[C@@H](c2cc3cc(Br)ccc3nc2OC)c2cccc(OC)c2F)cc(OC)n1,0
Cl.Nc1cc(C(F)(F)F)c(-c2cc(N3CCOCC3)nc(N3CCOCC3)n2)cn1,0
CN(C(=O)CCCOc1ccc2c(c1)CN1CC(=O)NC1=N2)C1CCCCC1.O.O=S(=O)(O)O,0
Cc1ccc(CCn2c3c(c4cc(Cl)ccc42)CN(C)CC3)cn1.Cl.Cl,0
CC(=O)[C@@]1(O)CC[C@H]2[C@@H]3C=C(Cl)C4=CC(=O)[C@@H]5C[C@@H]5[C@]4(C)[C@H]3CC[C@@]21C,0
O=C(O)c1ccc(Nc2ncc3c(n2)-c2ccc(Cl)cc2C(c2c(F)cccc2F)=NC3)cc1,0
CCC(CC)[C@@H](CO)NS(=O)(=O)c1ccc(Cl)s1,0
CC(C)NCC(O)COc1ccccc1C1CCCCC1.Cl,0
CNCCCC1(c2ccccc2)OC(C)(C)c2ccccc21.Cl,0
CNCC(O)CC12CCC(c3ccccc31)c1ccccc12.Cl,0
Nc1nc(=O)c2ncn([C@@H]3O[C@H](COP(=O)(O)OP(=O)(O)OP(=O)(O)O)[C@@H](O)[C@@H]3O)c2[nH]1,0
CCOC(=O)COc1ccc2c(C)c(CCN(CC)CC)c(=O)oc2c1.Cl,0
COc1cc2c(cc1OC)CN(CCc1ccc(NC(=O)c3cccc4c(=O)c5cccc(OC)c5[nH]c34)cc1)CC2.Cl,0
CN1C/C=C/CCOc2cccc(c2)-c2ccnc(n2)Nc2cccc(c2)C1.O=C(O)CC(O)(CC(=O)O)C(=O)O,0
CC#Cc1cncc(-c2ccc3c(c2)[C@@]2(N=C(C)C(N)=N2)[C@]2(CC[C@H](OC)CC2)C3)c1.CC1(C)[C@@H]2CC[C@@]1(CS(=O)(=O)O)C(=O)C2,0
COc1cc(NC(=O)CCN2CCC(OC(=O)Nc3ccccc3-c3ccccc3)CC2)c(Cl)cc1CNC[C@H](O)c1ccc(O)c2[nH]c(=O)ccc12.O=C(O)CCC(=O)O,0
CC(C)(C)Cn1c(N)nc2ccc(-c3[nH]c(C(C)(C)C)nc3-c3ccc(F)cc3)nc21.CS(=O)(=O)O.CS(=O)(=O)O,0
NC(=O)c1nc(F)cn([C@@H]2O[C@H](COP(=O)(O)OP(=O)(O)OP(=O)(O)O)[C@@H](O)[C@H]2O)c1=O,0
COCCCOc1ccnc(C[S@@+]([O-])c2nc3ccccc3[nH]2)c1C,0
O=C1C2=C(CCCC2)c2ccccc21,0
Cc1cc(F)ccc1-c1nc(NC(CO)CO)nc2c1ccc(=O)n2-c1c(F)cccc1F.Cc1ccc(S(=O)(=O)O)cc1,0
CCC(=O)[N-]S(=O)(=O)c1ccc(NC(=O)Cc2ccc(Br)c(Oc3cc(Cl)cc(C#N)c3)c2F)c(Cl)c1.[Na+],0
C[C@]12CC[C@H](OS(=O)(=O)[O-])CC1=CC[C@@H]1[C@@H]2CC[C@]2(C)C(=O)CC[C@@H]12.[Na+],0
CC(C)Oc1ccc2oc3ccc(C(=O)[O-])cc3c(=O)c2c1.[Na+],0
C(=C/[C@H]1CCNC1)\c1cncnc1.O=C(O)CC(O)(CC(=O)O)C(=O)O,0
CCN(CCCCOC(=O)c1ccc(OC)c(OC)c1)C(C)Cc1ccc(OC)cc1.Cl,0
CC[C@H]1C[C@@H]2CN(CCc3c([nH]c4ccccc34)[C@@](C(=O)OC)(c3cc4c(cc3OC)N(C=O)[C@H]3[C@@](O)(C(=O)OC)[C@H](OC(C)=O)[C@]5(CC)C=CCN6CC[C@]43[C@@H]65)C2)C1.O=S(=O)(O)O,0
Nc1nc(/C(=N/OC2(C(=O)O)CC2)C(=O)N[C@@H]2C(=O)N(S(=O)(=O)O)[C@@H]2CN2CCOC2=O)cs1,0
CCCc1nn(C)c2c(=O)[nH]c(-c3cc(S(=O)(=O)N4CCN(CCO)CC4)ccc3OCC)nc12,0
C=C[C@]1(C)C[C@@H](OC(=O)CSCCN(CC)CC)[C@]2(C)[C@H](C)CC[C@]3(CCC(=O)[C@H]32)[C@@H](C)[C@@H]1O.O=C(O)/C=C/C(=O)O,0
CC[C@@H]1CN2CCc3c([nH]c4ccccc34)[C@@](C(=O)OC)(c3cc4c(cc3OC)N(C)[C@H]3[C@@](O)(C(=O)OC)[C@H](OC(C)=O)[C@]5(CC)C=CCN6CC[C@]43[C@@H]65)C[C@@H](C2)C1O.O=S(=O)(O)O,0
CN(C)CCN(Cc1ccc(Cl)s1)c1ccccn1.O=C(O)CC(O)(CC(=O)O)C(=O)O,0
C=CCSCC(=O)N[C@@H]1C(=O)N2[C@@H]1SC(C)(C)[C@@H]2C(=O)[O-].[Na+],0
COCCOc1cc(Cn2c(C(=O)O)c(-c3ccc(C(C)(C)C)cc3)c3ccccc32)cc(OCCOC)c1,0
CC[C@@]1(O)C(=O)OCc2c1cc1n(c2=O)Cc2c-1nc1cc(F)c(C)c3c1c2[C@@H](NC(=O)COCNC(=O)CNC(=O)[C@H](Cc1ccccc1)NC(=O)CNC(=O)CNC(=O)CCCCCN1C(=O)CCC1=O)CC3,0
CCCCCCNC(=O)NC(=N)NCCCN1CCN(CCCNC(=N)NC(=O)NCCCCCC)CC1.CS(=O)(=O)O,0
Cl.N=C(N)c1ccc(C(=O)N[C@@H](Cc2ccc(O)cc2)C(=O)N2CCC(OCC(=O)O)CC2)cc1,0
Cl.O=C(O)CC/C=C\CC[C@@H]1[C@@H](N2CCCCC2)[C@@H](O)C[C@@H]1OCc1ccc(-c2ccccc2)cc1,0
Cc1nnnn1N=Cc1ccc(O)c(C(c2ccc(O)cc2)c2cc(C=Nn3nnnc3C)ccc2O)c1,0
C[C@@H](C(N)=O)[C@H](N)c1nc2ccc(C(C)(C)C)cc2[nH]1,0
Cl.NCc1ccccc1Sc1ccccc1CO,0
COc1ccccc1N1CCN(CCCNc2cc(=O)n(C)c(=O)n2C)CC1.Cl,0
N[C@@]1(c2ccccc2Cl)CCC[C@@H](O)C1=O,0
N#Cc1ccc(COc2cccc(C3CCN(Cc4nc5ccc(C(=O)O)cc5n4C[C@@H]4CCO4)CC3)n2)c(F)c1.NC(CO)(CO)CO,0
Cc1cn([C@H]2C=C[C@@H](COP(=O)(O)OP(=O)(O)OP(=O)(O)O)O2)c(=O)[nH]c1=O,0
C[C@@H](CCc1ccc(O)cc1)NCCc1ccc(O)c(O)c1.O=C(O)[C@H](O)[C@@H](O)[C@H](O[C@@H]1O[C@H](CO)[C@H](O)[C@H](O)[C@H]1O)[C@H](O)CO,0
N=C(N)NCCN1CCCCCCC1.N=C(N)NCCN1CCCCCCC1.O=S(=O)(O)O,0
C[C@@H]1CN(c2nc(-n3ccc(OCCC4(C(F)(F)F)CC4)n3)ccc2C(=O)[N-]S(=O)(=O)c2ccccc2)C(C)(C)C1.[K+],0
COc1ccc(F)cc1C[C@@](O)(C1CCOCC1)[C@@H]1CNCCO1.Cl,0
C[Si](C)(C)c1cc([Si](C)(C)C)c(NC(=O)c2c[nH]c3ccccc3c2=O)cc1O,0
COCC(=O)N(c1ccccc1F)C1CCN(CCc2ccccc2)CC1.Cl,0
C[C@@H]([C@H](N)C(=O)N[C@H](C(=O)O)[C@H]1O[C@@H](n2ccc(=O)[nH]c2=O)[C@H](O)[C@@H]1O)[C@H](O)c1ccc(O)cn1,0
CCCN1CCC(c2cccc(S(C)(=O)=O)c2)CC1.Cl,0
CO[C@H]1C[C@H](O[C@H]2[C@H](C)O[C@@H](O[C@@H]3/C(C)=C/C[C@@H]4C[C@@H](C[C@]5(C=C[C@H](C)[C@@H](C(C)C)O5)O4)OC(=O)[C@@H]4C=C(C)[C@@H](O)[C@H]5OC/C(=C\C=C\[C@@H]3C)[C@]54O)C[C@@H]2OC)O[C@@H](C)[C@@H]1O,0
O=C([O-])c1c(Cl)c(Cl)c(Cl)c(Cl)c1-c1c2cc([125I])c(=O)c(I)c-2oc2c(I)c([O-])c([125I])cc12.[Na+].[Na+],0
CS(=O)(=O)O.Cc1ccc(C(=O)N(CCCN)[C@@H](c2nc3cc(Cl)ccc3c(=O)n2Cc2ccccc2)C(C)C)cc1,0
C[C@](Cc1c[nH]c2ccccc12)(NC(=O)OC1[C@H]2C[C@@H]3C[C@@H](C[C@H]1C3)C2)C(=O)NC[C@H](NC(=O)CCC(=O)O)c1ccccc1,0
CC(CCc1ccc2c(c1)OCO2)NN.Cl,0
CCN(CC)CCOC(=O)C1(c2ccc(C)c(C)c2)CCCC1,0
C[C@H](NC(=O)[C@@H](Cc1ccc2ccccc2c1)NC(=O)[C@@H](C)N)C(=O)N[C@@H](Cc1c[nH]c2ccccc12)C(=O)N[C@H](Cc1ccccc1)C(=O)N[C@@H](CCCCN)C(N)=O.Cl,0
CC(=O)O.CCCCOC(=O)N[C@@H](CNC(=O)C[C@H]1CC(c2ccc(C(=N)N)cc2)=NO1)C(=O)OC,0
O=C([O-])[C@H](O)[C@@H](O)C(=O)O.O=[N+]([O-])c1ccc(-c2csc3[n+]2CCN3)o1,0
Cl.NS(=O)(=O)OC[C@@H]1C[C@@H](n2ccc3c(N[C@H]4CCc5ccccc54)ncnc32)C[C@@H]1O,0
CC1(C)[C@@H](OC(=O)CCC(=O)[O-])CC[C@]2(C)[C@H]3C(=O)C=C4[C@@H]5C[C@@](C)(C(=O)[O-])CC[C@]5(C)CC[C@@]4(C)[C@]3(C)CC[C@@H]12.[Na+].[Na+],0
CCOC(=O)C1(c2ccccc2)CCCN(C)CC1.O=C(O)CC(O)(CC(=O)O)C(=O)O,0
CC(C)CN[C@H]1CCS(=O)(=O)c2sc(S(N)(=O)=O)cc21.Cl,0
CC1(C)C(C=C(Cl)Cl)C1C(=O)OC(C#N)c1ccc(F)c(Oc2ccccc2)c1,0
CC1Oc2ccccc2CC1N(C)C.Cl,0
CC(C)OC(=O)[C@H](C)N[P@+]([O-])(OC[C@H]1O[C@@](C#N)(c2ccc3c(N)ncnn23)[C@](C)(O)[C@@H]1OC(=O)C(C)C)Oc1ccccc1,0
Cc1c(C)c2c(c(C)c1O)CCC(C)(C)O2,0
CC(O)c1ccc(CCOc2ccc(CC3SC(=O)NC3=O)cc2)nc1.Cl,0
O=C1c2c(O)cccc2C([C@@H]2O[C@H](CO)[C@@H](O)[C@H](O)[C@H]2O)c2cc(CO)cc(O)c21,0
CN1CCOC(c2ccccc2)c2ccccc2C1.Cl,0
CN(Cc1ccc(S(=O)(=O)N2CCOCC2)cc1)c1ccc2c3c(cccc13)C(=N)N2.O=C(O)[C@H]1O[C@@H](O)[C@H](O)[C@@H](O)[C@@H]1O,0
NC(=O)CCCCC1CCSS1,0
Cc1ccc(S(=O)(=O)O)cc1.O=C(Nc1ccc(Cl)c(S(=O)(=O)N2CCNCC2)c1O)Nc1cccc(F)c1Cl,0
COc1ccc(OC)c(Cc2cnc3nc(N)nc(N)c3c2C)c1.O=S(=O)(O)CCO,0
CN(CCCn1nnc2cc(CNC[C@H](O)c3ccc(O)c4[nH]c(=O)ccc34)ccc21)[C@H]1CC[C@H](OC(=O)C(O)(c2cccs2)c2cccs2)CC1.O=C1NS(=O)(=O)c2ccccc21,0
N=C(N)NN=C(/C=C/c1ccc([N+](=O)[O-])o1)/C=C/c1ccc([N+](=O)[O-])o1,0
CCC1(CC)C(=O)CCNC1=O,0
Nc1ccn(C[C@@H](CO)OCP(=O)(O)OP(=O)(O)OP(=O)(O)O)c(=O)n1,0
COc1ccc(C)cc1NC(=O)Nc1nc2ccc(Nc3ncnc4cc(OCCCN5CCN(C)CC5)c(OC)cc34)cc2s1,0
Nc1nc(=O)c2ncn([C@H]3C=C[C@@H](COP(=O)(O)OP(=O)(O)OP(=O)(O)O)C3)c2[nH]1,0
C[C@]12C=CC(=O)C=C1CC[C@@H]1[C@@H]2[C@@H](O)C[C@@]2(C)[C@H]1C[C@H]1O[C@@H](C3CCCCC3)O[C@]12C(=O)CO,0
O=C(CCNc1c2ccccc2nc2ccccc12)OCCN(CCCl)CCCl,0
O=C([O-])CCC/C=C\C[C@@H]1[C@@H](/C=C/[C@@H](O)COc2cccc(C(F)(F)F)c2)[C@H](O)C[C@@H]1O.[Na+],0
CCC(=O)O[C@H]1[C@H](O[C@H]2[C@@H](CC=O)C[C@@H](C)C(=O)/C=C/[C@]3(C)O[C@H]3[C@H](C)[C@@H](CC)OC(=O)C[C@@H](O)[C@@H]2C)O[C@H](C)C[C@@H]1N(C)C,0
O=P(O)(N1CC1)N1CC1,0
C=CC(=O)N1CCN(c2nc(OC[C@@H]3CCCN3C)nc3c(F)c(-c4nc(N)cc(C)c4C(F)(F)F)c(Cl)cc23)[C@@H](C)C1.O=C(O)CCCCC(=O)O,0
CC1=N[C@]2(C(=O)CO)[C@@H](C[C@H]3[C@@H]4CCC5=CC(=O)C=C[C@]5(C)[C@H]4[C@@H](O)C[C@@]32C)O1,0
CCC(C/C=C/c1ccccc1)(c1ccccc1)N(C)CC1CC1.Cl,0
O.O=C([O-])c1cc2cc(Cc3cccnc3)ccc2o1.[Na+],0
Br.COC(=O)c1c(C)[nH]c2c(OC(=O)N3CCN(C)CC3)cc3c(c12)[C@H](CBr)CN3C(=O)c1cc2cc(OC)c(OC)c(OC)c2[nH]1,0
CC1=C(CN(O)C(N)=O)C2=C(C)C3(CC3)[C@@](C)(O)C(=O)C2=C1,0
N=C1N(O)[C@@H](COC(N)=O)[C@@H]2N=C(N)N[C@]23N1CCC3(O)O,0
O=S(=O)([O-])c1cc(S(=O)(=O)O)cc2[nH]c(-c3ccc(-c4nc5c(S(=O)(=O)[O-])cc(S(=O)(=O)O)cc5[nH]4)cc3)nc12.[Na+].[Na+],0
CC(=O)OC1(C(C)CN(C)C)CCCCC1c1ccccc1.Cl,0
CC1(C)C(/C=C(\Cl)C(F)(F)F)C1C(=O)OC(C#N)c1cccc(Oc2ccccc2)c1,0
Cn1cnc2c1c(=O)[n-]c(=O)n2C.O=C([O-])c1ccccc1O.[Ca+2],0
CC(C)[C@]12O[C@H]1[C@@H]1O[C@]13[C@]1(O[C@H]1C[C@H]1C4=C(CC[C@@]13C)C(=O)OC4)[C@@H]2OC(=O)CCC(=O)[O-].[Na+],0
CO/N=C(\C(=O)N[C@@H]1C(=O)N2C(C(=O)[O-])=C(C[n+]3cccc4c3CCC4)CS[C@H]12)c1csc(N)n1.O=S(=O)(O)O,0
CC1CCC(C(C)C)C(OC(=O)C[N+](C)(C)CCCCCCCCCC[N+](C)(C)CC(=O)OC2CC(C)CCC2C(C)C)C1.[Cl-].[Cl-],0
CC(CCc1ccc(O)cc1)NCCc1ccc(O)c(O)c1.O=C(O)[C@H](O)[C@@H](O)[C@H](O[C@@H]1O[C@H](CO)[C@H](O)[C@H](O)[C@H]1O)[C@H](O)CO,0
CCNC(=O)c1noc(-c2cc(C(C)C)c(O)cc2O)c1-c1ccc(CN2CCOCC2)cc1.CS(=O)(=O)O.O,0
C=CCc1c(OC(=O)N2CCC(N3CCCCC3)CC2)ccc2nc3c(cc12)Cn1c-3cc2c(c1=O)COC(=O)[C@]2(O)CC.Cl,0
C=C[C@@H]1C[C@]1(NC(=O)[C@@H]1C[C@@H]2CN1C(=O)[C@H](C1CCCC1)NC(=O)O[C@@H]1CCC[C@H]1CCCCCn1c(nc3cc(OC)ccc3c1=O)O2)C(=O)NS(=O)(=O)C1(C)CC1,0
O=C(O)C(O)C(O)C(=O)O.Oc1ccc2c(c1)[C@]13CCN(CC4CC4)[C@H](C2)[C@@H]1CCOC3.Oc1ccc2c(c1)[C@]13CCN(CC4CC4)[C@H](C2)[C@@H]1CCOC3,0
CC[C@@H]1C(=O)N(C)c2cnc(Nc3ccc(C(=O)N[C@H]4CC[C@H](N5CCN(CC6CC6)CC5)CC4)cc3OC)nc2N1C(C)C.Cl.Cl.Cl,0
CCC(=O)OC1(c2ccccc2)CCN(C)CC1C.Cl,0
C=CCSCC1Nc2cc(Cl)c(S(N)(=O)=O)cc2S(=O)(=O)N1C,0
CCOC(=O)Nc1ccc(NCc2ccc(F)cc2)nc1N.O=C(O)/C=C\C(=O)O,0
CSc1ccc(/C=C2/C(C)=C(CC(=O)O)c3cc(F)ccc32)cc1,0
CC(O)C(=O)O.CC(O)C(=O)O.COc1cc2c(cc1OC)[C@H](CCCC[C@H]1NCCc3cc(OC)c(OC)cc31)NCC2,0
